Date,momentum_score_z_weight,liquidity_1m_z_weight,downside_risk_score_z_weight,volatility_score_z_weight
2010-01-31,0.35,0.15,0.25,0.25
2010-02-28,0.35,0.15,0.25,0.25
2010-03-31,0.35,0.15,0.25,0.25
2010-04-30,0.35,0.15,0.25,0.25
2010-05-31,0.35,0.15,0.25,0.25
2010-06-30,0.35,0.15,0.25,0.25
2010-07-31,0.35,0.15,0.25,0.25
2010-08-31,0.35,0.15,0.25,0.25
2010-09-30,0.35,0.15,0.25,0.25
2010-10-31,0.35,0.15,0.25,0.25
2010-11-30,0.35,0.15,0.25,0.25
2010-12-31,0.35,0.15,0.25,0.25
2011-01-31,0.35,0.15,0.25,0.25
2011-02-28,0.35,0.15,0.25,0.25
2011-03-31,0.35,0.15,0.25,0.25
2011-04-30,0.35,0.15,0.25,0.25
2011-05-31,0.35,0.15,0.25,0.25
2011-06-30,0.35,0.15,0.25,0.25
2011-07-31,0.35538461538461535,0.06,0.3615384615384616,0.223076923076923
2011-08-31,0.3917482517482518,0.06,0.30559440559440565,0.24265734265734262
2011-09-30,0.36189349112426034,0.06,0.30414201183431955,0.2739644970414201
2011-10-31,0.32387096774193547,0.06,0.33870967741935487,0.2774193548387096
2011-11-30,0.2935714285714286,0.06,0.3375,0.30892857142857144
2011-12-31,0.24846153846153846,0.06,0.35153846153846147,0.33999999999999997
2012-01-31,0.1964356435643564,0.06,0.3702970297029703,0.37326732673267327
2012-02-29,0.14173410404624276,0.06,0.40867052023121386,0.3895953757225433
2012-03-31,0.17606557377049178,0.06,0.38032786885245895,0.3836065573770492
2012-04-30,0.14189873417721516,0.06,0.3981012658227848,0.3999999999999999
2012-05-31,0.17343108504398824,0.06,0.3885630498533724,0.3780058651026392
2012-06-30,0.13999999999999999,0.06,0.4041666666666667,0.39583333333333326
2012-07-31,0.1601834862385321,0.06,0.40091743119266054,0.37889908256880733
2012-08-31,0.13999999999999999,0.06,0.4343511450381681,0.36564885496183197
2012-09-30,0.13999999999999999,0.06,0.7,0.1
2012-10-31,0.13999999999999999,0.06,0.4096774193548388,0.39032258064516123
2012-11-30,0.13999999999999999,0.06,0.4310344827586208,0.36896551724137916
2012-12-31,0.35,0.15,0.25,0.25
2013-01-31,0.35,0.15,0.25,0.25
2013-02-28,0.13999999999999999,0.06,0.3946428571428572,0.40535714285714286
2013-03-31,0.13999999999999999,0.06,0.40452261306532666,0.3954773869346734
2013-04-30,0.2088524590163934,0.06,0.3581967213114754,0.37295081967213106
2013-05-31,0.13999999999999999,0.14181818181818218,0.20909090909090883,0.509090909090909
2013-06-30,0.1845945945945946,0.1005405405405406,0.3716216216216216,0.3432432432432432
2013-07-31,0.29681818181818187,0.29863636363636376,0.24318181818181808,0.1613636363636363
2013-08-31,0.2678688524590165,0.06,0.2918032786885245,0.38032786885245895
2013-09-30,0.3491428571428572,0.06,0.2714285714285714,0.31942857142857145
2013-10-31,0.3514942528735633,0.06,0.28390804597701147,0.3045977011494253
2013-11-30,0.35506024096385547,0.06,0.3060240963855422,0.2789156626506024
2013-12-31,0.30726342710997445,0.06,0.33017902813299227,0.3025575447570333
2014-01-31,0.2639669421487603,0.06,0.3528925619834711,0.3231404958677686
2014-02-28,0.3652707581227437,0.06,0.30577617328519857,0.26895306859205775
2014-03-31,0.4180487804878049,0.06,0.27195121951219514,0.24999999999999997
2014-04-30,0.49121951219512194,0.06,0.23170731707317074,0.2170731707317073
2014-05-31,0.3841379310344827,0.06,0.3027586206896552,0.25310344827586206
2014-06-30,0.7057142857142857,0.06,0.10000000000000006,0.13428571428571426
2014-07-31,0.42181818181818176,0.06,0.23636363636363641,0.2818181818181818
2014-08-31,0.5171428571428571,0.06,0.32285714285714295,0.1
2014-09-30,0.13999999999999999,0.06,0.4161290322580645,0.3838709677419354
2014-10-31,0.13999999999999999,0.06,0.7,0.1
2014-11-30,0.13999999999999999,0.06,0.4409090909090909,0.359090909090909
2014-12-31,0.13999999999999999,0.06,0.28260869565217395,0.5173913043478261
2015-01-31,0.13999999999999999,0.06,0.3172413793103448,0.48275862068965514
2015-02-28,0.13999999999999999,0.06,0.15,0.6499999999999999
2015-03-31,0.13999999999999999,0.06,0.32784810126582276,0.4721518987341772
2015-04-30,0.35,0.15,0.25,0.25
2015-05-31,0.13999999999999999,0.06,0.26249999999999996,0.5375000000000001
2015-06-30,0.13999999999999999,0.06,0.37768595041322306,0.4223140495867769
2015-07-31,0.18485981308411215,0.07401869158878509,0.3495327102803738,0.3915887850467289
2015-08-31,0.13999999999999999,0.11581395348837215,0.3686046511627906,0.37558139534883717
2015-09-30,0.24169491525423728,0.10830508474576274,0.31864406779661014,0.33135593220338977
2015-10-31,0.13999999999999999,0.11042016806722693,0.3521008403361344,0.3974789915966386
2015-11-30,0.13999999999999999,0.6260377358490565,0.1,0.13396226415094337
2015-12-31,0.13999999999999999,0.09636363636363643,0.3363636363636363,0.42727272727272714
2016-01-31,0.13999999999999999,0.15120000000000003,0.33519999999999994,0.37359999999999993
2016-02-29,0.13999999999999999,0.06,0.44125000000000003,0.35875
2016-03-31,0.13999999999999999,0.06,0.4441176470588236,0.3558823529411764
2016-04-30,0.13999999999999999,0.06,0.45675675675675675,0.3432432432432432
2016-05-31,0.13999999999999999,0.06,0.38888888888888895,0.411111111111111
2016-06-30,0.13999999999999999,0.06,0.7,0.1
2016-07-31,0.35,0.15,0.25,0.25
2016-08-31,0.35,0.15,0.25,0.25
2016-09-30,0.35,0.15,0.25,0.25
2016-10-31,0.35,0.15,0.25,0.25
2016-11-30,0.35,0.15,0.25,0.25
2016-12-31,0.13999999999999999,0.6599999999999999,0.1,0.1
2017-01-31,0.35,0.15,0.25,0.25
2017-02-28,0.13999999999999999,0.6599999999999999,0.1,0.1
2017-03-31,0.35,0.15,0.25,0.25
2017-04-30,0.13999999999999999,0.06,0.1,0.7
2017-05-31,0.13999999999999999,0.06,0.1,0.7
2017-06-30,0.35,0.15,0.25,0.25
2017-07-31,0.35,0.15,0.25,0.25
2017-08-31,0.20000000000000023,0.06,0.1,0.6399999999999998
2017-09-30,0.13999999999999999,0.06,0.1,0.7
2017-10-31,0.74,0.06,0.1,0.1
2017-11-30,0.13999999999999999,0.06,0.1279069767441861,0.6720930232558138
2017-12-31,0.13999999999999999,0.06,0.16000000000000003,0.64
2018-01-31,0.38999999999999996,0.06,0.15000000000000002,0.4
2018-02-28,0.4416574585635359,0.06,0.17955801104972374,0.3187845303867404
2018-03-31,0.36758620689655164,0.08482758620689655,0.1703448275862069,0.37724137931034485
2018-04-30,0.35739130434782607,0.24260869565217377,0.1,0.3000000000000001
2018-05-31,0.3400000000000001,0.4599999999999999,0.1,0.1
2018-06-30,0.518640776699029,0.1706796116504854,0.1,0.21067961165048554
2018-07-31,0.37783783783783775,0.07081081081081084,0.19729729729729734,0.354054054054054
2018-08-31,0.3474766355140187,0.14971962616822432,0.11121495327102812,0.3915887850467289
2018-09-30,0.33055793991416305,0.06,0.25193133047210303,0.35751072961373387
2018-10-31,0.1930769230769231,0.06,0.3423076923076923,0.4046153846153846
2018-11-30,0.275,0.06,0.295,0.37
2018-12-31,0.28150943396226413,0.06,0.3113207547169811,0.3471698113207547
2019-01-31,0.13999999999999999,0.06,0.33622047244094483,0.46377952755905516
2019-02-28,0.13999999999999999,0.06,0.2739130434782608,0.5260869565217392
2019-03-31,0.13999999999999999,0.06,0.1,0.7
2019-04-30,0.35,0.15,0.25,0.25
2019-05-31,0.13999999999999999,0.06,0.33877551020408153,0.46122448979591846
2019-06-30,0.35,0.15,0.25,0.25
2019-07-31,0.74,0.06,0.1,0.1
2019-08-31,0.6819354838709679,0.06,0.15806451612903213,0.1
2019-09-30,0.13999999999999999,0.6599999999999999,0.1,0.1
2019-10-31,0.13999999999999999,0.6599999999999999,0.1,0.1
2019-11-30,0.17934426229508227,0.6206557377049178,0.1,0.1
2019-12-31,0.13999999999999999,0.6599999999999999,0.1,0.1
2020-01-31,0.3135849056603774,0.48641509433962254,0.1,0.1
2020-02-29,0.4275,0.37249999999999994,0.1,0.1
2020-03-31,0.4038132295719844,0.2864591439688715,0.17704280155642022,0.13268482490272376
2020-04-30,0.4059459459459459,0.20594594594594592,0.22648648648648645,0.16162162162162166
2020-05-31,0.6817910447761194,0.11373134328358209,0.10447761194029853,0.1
2020-06-30,0.5,0.06,0.2220338983050847,0.21796610169491526
2020-07-31,0.4028571428571429,0.06,0.26571428571428574,0.27142857142857146
2020-08-31,0.47529411764705876,0.06,0.2367647058823529,0.22794117647058829
2020-09-30,0.446158357771261,0.06,0.2530791788856304,0.24076246334310852
2020-10-31,0.42602739726027394,0.06,0.24465753424657533,0.2693150684931507
2020-11-30,0.43625,0.06,0.23124999999999996,0.2725
2020-12-31,0.4773665480427046,0.06,0.2046263345195729,0.2580071174377224
2021-01-31,0.6246153846153847,0.06,0.11538461538461535,0.2
2021-02-28,0.74,0.06,0.1,0.1
2021-03-31,0.74,0.06,0.1,0.1
2021-04-30,0.74,0.06,0.1,0.1
2021-05-31,0.7353846153846153,0.06461538461538467,0.1,0.1
2021-06-30,0.5111340206185566,0.28886597938144326,0.1,0.1
2021-07-31,0.32181818181818195,0.478181818181818,0.1,0.1
2021-08-31,0.13999999999999999,0.6599999999999999,0.1,0.1
2021-09-30,0.13999999999999999,0.6599999999999999,0.1,0.1
2021-10-31,0.13999999999999999,0.6599999999999999,0.1,0.1
2021-11-30,0.13999999999999999,0.6599999999999999,0.1,0.1
2021-12-31,0.13999999999999999,0.6599999999999999,0.1,0.1
2022-01-31,0.35,0.15,0.25,0.25
2022-02-28,0.13999999999999999,0.06,0.1,0.7
2022-03-31,0.35,0.15,0.25,0.25
2022-04-30,0.13999999999999999,0.06,0.1,0.7
2022-05-31,0.13999999999999999,0.06,0.1845070422535211,0.6154929577464788
2022-06-30,0.13999999999999999,0.06,0.33399999999999996,0.46599999999999997
2022-07-31,0.13999999999999999,0.06,0.1,0.7
2022-08-31,0.17214285714285732,0.06,0.20714285714285713,0.5607142857142856
2022-09-30,0.13999999999999999,0.06,0.3017699115044248,0.49823008849557526
2022-10-31,0.13999999999999999,0.06,0.35326633165829147,0.4467336683417086
2022-11-30,0.13999999999999999,0.06,0.35882352941176465,0.4411764705882354
2022-12-31,0.24739299610894944,0.06,0.3357976653696497,0.35680933852140084
2023-01-31,0.3140259740259741,0.06,0.3181818181818181,0.3077922077922078
2023-02-28,0.3326605504587157,0.06,0.32568807339449535,0.28165137614678903
2023-03-31,0.23936305732484087,0.06,0.3713375796178343,0.3292993630573248
2023-04-30,0.13999999999999999,0.23217391304347826,0.3556521739130434,0.27217391304347827
2023-05-31,0.13999999999999999,0.16312500000000002,0.3999999999999999,0.29687500000000006
2023-06-30,0.13999999999999999,0.6599999999999999,0.1,0.1
2023-07-31,0.13999999999999999,0.6599999999999999,0.1,0.1
2023-08-31,0.13999999999999999,0.6599999999999999,0.1,0.1
2023-09-30,0.13999999999999999,0.6599999999999999,0.1,0.1
2023-10-31,0.13999999999999999,0.6599999999999999,0.1,0.1
2023-11-30,0.13999999999999999,0.6599999999999999,0.1,0.1
2023-12-31,0.13999999999999999,0.6599999999999999,0.1,0.1
2024-01-31,0.13999999999999999,0.6599999999999999,0.1,0.1
2024-02-29,0.13999999999999999,0.6599999999999999,0.1,0.1
2024-03-31,0.13999999999999999,0.6599999999999999,0.1,0.1
2024-04-30,0.2247826086956522,0.5752173913043477,0.1,0.1
2024-05-31,0.1400000000000001,0.6599999999999999,0.1,0.1
2024-06-30,0.13999999999999999,0.6599999999999999,0.1,0.1
2024-07-31,0.13999999999999999,0.5561538461538461,0.1,0.2038461538461539
2024-08-31,0.13999999999999999,0.0687591240875913,0.3102189781021897,0.4810218978102191
2024-09-30,0.13999999999999999,0.06,0.38444444444444437,0.41555555555555557
2024-10-31,0.13999999999999999,0.06,0.3955223880597014,0.40447761194029863
2024-11-30,0.13999999999999999,0.2894117647058825,0.29411764705882326,0.2764705882352943
2024-12-31,0.13999999999999999,0.6599999999999999,0.1,0.1
