Date,momentum_score_z_ic,liquidity_1m_z_ic,downside_risk_score_z_ic,volatility_score_z_ic,spy_return_1m,spy_drawdown,vix_close,vix_change_1m,vix_high_regime,momentum_score_z_ic_lag1,momentum_score_z_ic_lag2,momentum_score_z_ic_lag3,momentum_score_z_ic_rollmean_3,momentum_score_z_ic_rollmean_6,liquidity_1m_z_ic_lag1,liquidity_1m_z_ic_lag2,liquidity_1m_z_ic_lag3,liquidity_1m_z_ic_rollmean_3,liquidity_1m_z_ic_rollmean_6,downside_risk_score_z_ic_lag1,downside_risk_score_z_ic_lag2,downside_risk_score_z_ic_lag3,downside_risk_score_z_ic_rollmean_3,downside_risk_score_z_ic_rollmean_6,volatility_score_z_ic_lag1,volatility_score_z_ic_lag2,volatility_score_z_ic_lag3,volatility_score_z_ic_rollmean_3,volatility_score_z_ic_rollmean_6
2010-01-31,,,,,,0.0,24.6200008392334,,1,,,,,,,,,,,,,,,,,,,,
2010-02-28,,0.5666666666666667,,,0.0311944010049478,0.0,19.5,-0.20796103430973,1,,,,,,,,,,,,,,,,,,,,
2010-03-31,,0.19999999999999998,,,0.0608795640244683,0.0,17.59000015258789,-0.0979487101236978,1,,,,,,0.5666666666666667,,,0.5666666666666667,0.5666666666666667,,,,,,,,,,
2010-04-30,-0.45,-0.9,,0.8833333333333333,0.0154704154039664,0.0,22.049999237060547,0.2535531009541514,1,,,,,,0.19999999999999998,0.5666666666666667,,0.3833333333333333,0.3833333333333333,,,,,,,,,,
2010-05-31,-0.43333333333333335,-0.6666666666666667,,0.65,-0.0794550493305553,-0.0794550493305553,32.06999969482422,0.4544218051909294,1,-0.45,,,-0.45,-0.45,-0.9,0.19999999999999998,0.5666666666666667,-0.044444444444444474,-0.044444444444444474,,,,,,0.8833333333333333,,,0.8833333333333333,0.8833333333333333
2010-06-30,-0.3666666666666667,0.38333333333333336,,-0.5666666666666667,-0.0517408346483772,-0.1270848134095417,34.540000915527344,0.0770190596884152,1,-0.43333333333333335,-0.45,,-0.44166666666666665,-0.44166666666666665,-0.6666666666666667,-0.9,0.19999999999999998,-0.45555555555555555,-0.20000000000000004,,,,,,0.65,0.8833333333333333,,0.7666666666666666,0.7666666666666666
2010-07-31,0.26666666666666666,-0.8166666666666667,0.6833333333333333,0.6833333333333333,0.0683006665540648,-0.0674641243202476,23.5,-0.3196294332049177,1,-0.3666666666666667,-0.43333333333333335,-0.45,-0.4166666666666667,-0.4166666666666667,0.38333333333333336,-0.6666666666666667,-0.9,-0.39444444444444443,-0.08333333333333336,,,,,,-0.5666666666666667,0.65,0.8833333333333333,0.32222222222222224,0.32222222222222224
2010-08-31,-0.33333333333333337,0.3666666666666667,-0.2333333333333333,-0.21666666666666667,-0.0449806828780422,-0.1094102248165959,26.049999237060547,0.1085106058323637,1,0.26666666666666666,-0.3666666666666667,-0.43333333333333335,-0.1777777777777778,-0.24583333333333335,-0.8166666666666667,0.38333333333333336,-0.6666666666666667,-0.3666666666666667,-0.20555555555555557,0.6833333333333333,,,0.6833333333333333,0.6833333333333333,0.6833333333333333,-0.5666666666666667,0.65,0.2555555555555556,0.4125
2010-09-30,0.21666666666666667,0.25,-0.21666666666666667,-0.16666666666666669,0.0895548028194492,-0.0296536331070284,23.700000762939453,-0.090211076504671,1,-0.33333333333333337,0.26666666666666666,-0.3666666666666667,-0.14444444444444446,-0.26333333333333336,0.3666666666666667,-0.8166666666666667,0.38333333333333336,-0.02222222222222218,-0.2388888888888889,-0.2333333333333333,0.6833333333333333,,0.22500000000000003,0.22500000000000003,-0.21666666666666667,0.6833333333333333,-0.5666666666666667,-0.033333333333333326,0.2866666666666667
2010-10-31,-0.16666666666666669,0.65,-0.5833333333333334,-0.5833333333333334,0.0382024688835147,0.0,21.200000762939453,-0.1054852286717787,1,0.21666666666666667,-0.33333333333333337,0.26666666666666666,0.04999999999999999,-0.18333333333333335,0.25,0.3666666666666667,-0.8166666666666667,-0.06666666666666664,-0.23055555555555554,-0.21666666666666667,-0.2333333333333333,0.6833333333333333,0.07777777777777779,0.07777777777777779,-0.16666666666666669,-0.21666666666666667,0.6833333333333333,0.09999999999999999,0.2111111111111111
2010-11-30,0.18333333333333335,0.8499999999999999,-0.7666666666666667,-0.8666666666666667,0.0,0.0,23.540000915527344,0.1103773617158796,1,-0.16666666666666669,0.21666666666666667,-0.33333333333333337,-0.09444444444444446,-0.13611111111111115,0.65,0.25,0.3666666666666667,0.4222222222222222,0.02777777777777779,-0.5833333333333334,-0.21666666666666667,-0.2333333333333333,-0.3444444444444444,-0.0875,-0.5833333333333334,-0.16666666666666669,-0.21666666666666667,-0.32222222222222224,-0.033333333333333326
2010-12-31,0.2833333333333333,0.6,-0.18333333333333335,-0.38333333333333336,0.0668521086717526,0.0,17.75,-0.2459643453840382,1,0.18333333333333335,-0.16666666666666669,0.21666666666666667,0.07777777777777778,-0.03333333333333335,0.8499999999999999,0.65,0.25,0.5833333333333334,0.28055555555555556,-0.7666666666666667,-0.5833333333333334,-0.21666666666666667,-0.5222222222222223,-0.22333333333333333,-0.8666666666666667,-0.5833333333333334,-0.16666666666666669,-0.5388888888888889,-0.28611111111111115
2011-01-31,0.21666666666666667,0.18333333333333335,-0.09999999999999999,-0.049999999999999996,0.0233001929130958,0.0,19.530000686645508,0.100281728825099,1,0.2833333333333333,0.18333333333333335,-0.16666666666666669,0.09999999999999999,0.075,0.6,0.8499999999999999,0.65,0.6999999999999998,0.31666666666666665,-0.18333333333333335,-0.7666666666666667,-0.5833333333333334,-0.5111111111111111,-0.21666666666666667,-0.38333333333333336,-0.8666666666666667,-0.5833333333333334,-0.611111111111111,-0.2555555555555556
2011-02-28,0.31666666666666665,0.25,0.18333333333333335,0.03333333333333333,0.0347374219393816,0.0,18.350000381469727,-0.0604198803732074,1,0.21666666666666667,0.2833333333333333,0.18333333333333335,0.22777777777777777,0.06666666666666667,0.18333333333333335,0.6,0.8499999999999999,0.5444444444444444,0.4833333333333334,-0.09999999999999999,-0.18333333333333335,-0.7666666666666667,-0.35000000000000003,-0.34722222222222227,-0.049999999999999996,-0.38333333333333336,-0.8666666666666667,-0.43333333333333335,-0.37777777777777777
2011-03-31,-0.38333333333333336,-0.8499999999999999,0.9,0.8499999999999999,0.0001200190768746,0.0,17.739999771118164,-0.0332425393825907,1,0.31666666666666665,0.21666666666666667,0.2833333333333333,0.2722222222222222,0.17500000000000002,0.25,0.18333333333333335,0.6,0.3444444444444444,0.46388888888888885,0.18333333333333335,-0.09999999999999999,-0.18333333333333335,-0.033333333333333326,-0.27777777777777773,0.03333333333333333,-0.049999999999999996,-0.38333333333333336,-0.13333333333333333,-0.3361111111111111
2011-04-30,-0.09999999999999999,-0.9333333333333332,0.8333333333333333,0.9166666666666666,0.0289615285141018,0.0,14.75,-0.1685456487990531,0,-0.38333333333333336,0.31666666666666665,0.21666666666666667,0.04999999999999999,0.07499999999999998,-0.8499999999999999,0.25,0.18333333333333335,-0.13888888888888884,0.2805555555555555,0.9,0.18333333333333335,-0.09999999999999999,0.3277777777777778,-0.09166666666666667,0.8499999999999999,0.03333333333333333,-0.049999999999999996,0.27777777777777773,-0.1666666666666667
2011-05-31,0.08333333333333334,-0.38333333333333336,0.06666666666666667,-0.016666666666666666,-0.0112146546542339,-0.0112146546542339,15.449999809265137,0.0474576141874669,0,-0.09999999999999999,-0.38333333333333336,0.31666666666666665,-0.05555555555555556,0.08611111111111112,-0.9333333333333332,-0.8499999999999999,0.25,-0.5111111111111111,0.01666666666666668,0.8333333333333333,0.9,0.18333333333333335,0.638888888888889,0.14444444444444443,0.9166666666666666,0.8499999999999999,0.03333333333333333,0.6,0.08333333333333331
2011-06-30,-0.11666666666666665,-0.35,-0.016666666666666666,0.06666666666666667,-0.0168696182200024,-0.0278950859317502,16.520000457763672,0.0692557062594183,0,0.08333333333333334,-0.09999999999999999,-0.38333333333333336,-0.13333333333333333,0.06944444444444443,-0.38333333333333336,-0.9333333333333332,-0.8499999999999999,-0.7222222222222222,-0.18888888888888886,0.06666666666666667,0.8333333333333333,0.9,0.6,0.2833333333333333,-0.016666666666666666,0.9166666666666666,0.8499999999999999,0.5833333333333333,0.225
2011-07-31,0.7999999999999999,-0.9,0.9333333333333332,0.9833333333333333,-0.0200045181567511,-0.0473415763354956,25.25,0.5284503208432789,1,-0.11666666666666665,0.08333333333333334,-0.09999999999999999,-0.04444444444444443,0.002777777777777777,-0.35,-0.38333333333333336,-0.9333333333333332,-0.5555555555555555,-0.34722222222222215,-0.016666666666666666,0.06666666666666667,0.8333333333333333,0.29444444444444445,0.3111111111111111,0.06666666666666667,-0.016666666666666666,0.9166666666666666,0.32222222222222224,0.3
2011-08-31,0.75,-0.7666666666666667,0.8666666666666667,0.8499999999999999,-0.0549756652403685,-0.0997146069232927,31.6200008392334,0.2522772609597385,1,0.7999999999999999,-0.11666666666666665,0.08333333333333334,0.25555555555555554,0.09999999999999998,-0.9,-0.35,-0.38333333333333336,-0.5444444444444444,-0.5277777777777778,0.9333333333333332,-0.016666666666666666,0.06666666666666667,0.3277777777777778,0.48333333333333334,0.9833333333333333,0.06666666666666667,-0.016666666666666666,0.3444444444444444,0.47222222222222227
2011-09-30,-0.9166666666666666,0.8333333333333333,-0.9,-0.8833333333333333,-0.0694210724886332,-0.1622133844565285,42.959999084472656,0.3586337110772255,1,0.75,0.7999999999999999,-0.11666666666666665,0.4777777777777777,0.1722222222222222,-0.7666666666666667,-0.9,-0.35,-0.6722222222222222,-0.6972222222222223,0.8666666666666667,0.9333333333333332,-0.016666666666666666,0.5944444444444444,0.5972222222222222,0.8499999999999999,0.9833333333333333,0.06666666666666667,0.6333333333333333,0.6083333333333333
2011-10-31,0.31666666666666665,-0.2833333333333333,0.39999999999999997,0.45,0.1091475285534135,-0.0707710459148297,29.959999084472656,-0.3026070827990004,1,-0.9166666666666666,0.75,0.7999999999999999,0.2111111111111111,0.08333333333333333,0.8333333333333333,-0.7666666666666667,-0.9,-0.27777777777777785,-0.4166666666666667,-0.9,0.8666666666666667,0.9333333333333332,0.3,0.2972222222222222,-0.8833333333333333,0.8499999999999999,0.9833333333333333,0.3166666666666666,0.3194444444444444
2011-11-30,0.31666666666666665,-0.45,0.65,0.65,-0.0040636617032855,-0.0745471180291297,27.799999237060547,-0.0720961252809774,1,0.31666666666666665,-0.9166666666666666,0.75,0.05000000000000001,0.1527777777777778,-0.2833333333333333,0.8333333333333333,-0.7666666666666667,-0.0722222222222223,-0.30833333333333335,0.39999999999999997,-0.9,0.8666666666666667,0.12222222222222222,0.22499999999999998,0.45,-0.8833333333333333,0.8499999999999999,0.13888888888888887,0.24166666666666667
2011-12-31,-0.65,0.65,-0.7833333333333333,-0.7833333333333333,0.0104482722670484,-0.0648777343479735,23.399999618530273,-0.1582733719166644,1,0.31666666666666665,0.31666666666666665,-0.9166666666666666,-0.09444444444444444,0.19166666666666665,-0.45,-0.2833333333333333,0.8333333333333333,0.03333333333333327,-0.3194444444444445,0.65,0.39999999999999997,-0.9,0.05000000000000001,0.32222222222222224,0.65,0.45,-0.8833333333333333,0.07222222222222224,0.3527777777777778
2012-01-31,-0.39999999999999997,0.2333333333333333,-0.16666666666666669,-0.33333333333333337,0.0463741043960357,-0.0215122767775688,19.440000534057617,-0.1692307328644896,1,-0.65,0.31666666666666665,0.31666666666666665,-0.005555555555555573,0.10277777777777779,0.65,-0.45,-0.2833333333333333,-0.02777777777777779,-0.1527777777777778,-0.7833333333333333,0.65,0.39999999999999997,0.0888888888888889,0.19444444444444442,-0.7833333333333333,0.65,0.45,0.10555555555555558,0.21111111111111117
2012-02-29,0.6666666666666667,-0.08333333333333334,0.06666666666666667,0.13333333333333333,0.0434056060219674,0.0,18.43000030517578,-0.0519547428567391,1,-0.39999999999999997,-0.65,0.31666666666666665,-0.24444444444444446,-0.09722222222222221,0.2333333333333333,0.65,-0.45,0.1444444444444444,0.03611111111111108,-0.16666666666666669,-0.7833333333333333,0.65,-0.09999999999999998,0.011111111111111118,-0.33333333333333337,-0.7833333333333333,0.65,-0.15555555555555553,-0.008333333333333323
2012-03-31,-0.7333333333333334,-0.7666666666666667,0.6666666666666667,0.6,0.0321637991254262,0.0,15.5,-0.1589799379630468,0,0.6666666666666667,-0.39999999999999997,-0.65,-0.12777777777777777,-0.11111111111111109,-0.08333333333333334,0.2333333333333333,0.65,0.26666666666666666,0.14999999999999997,0.06666666666666667,-0.16666666666666669,-0.7833333333333333,-0.29444444444444445,-0.12222222222222223,0.13333333333333333,-0.33333333333333337,-0.7833333333333333,-0.3277777777777778,-0.12777777777777774
2012-04-30,0.19999999999999998,-0.9333333333333332,0.9500000000000001,0.9166666666666666,-0.0066759115826263,-0.0066759115826263,17.149999618530273,0.1064515882922756,1,-0.7333333333333334,0.6666666666666667,-0.39999999999999997,-0.15555555555555556,-0.08055555555555555,-0.7666666666666667,-0.08333333333333334,0.2333333333333333,-0.20555555555555563,-0.1166666666666667,0.6666666666666667,0.06666666666666667,-0.16666666666666669,0.1888888888888889,0.1388888888888889,0.6,0.13333333333333333,-0.33333333333333337,0.13333333333333333,0.11944444444444446
2012-05-31,-0.33333333333333337,0.09999999999999999,-0.2333333333333333,-0.2833333333333333,-0.0600553570240797,-0.0663303443531502,24.059999465942383,0.4029154519598925,1,0.19999999999999998,-0.7333333333333334,0.6666666666666667,0.044444444444444425,-0.09999999999999999,-0.9333333333333332,-0.7666666666666667,-0.08333333333333334,-0.5944444444444444,-0.225,0.9500000000000001,0.6666666666666667,0.06666666666666667,0.5611111111111112,0.2305555555555556,0.9166666666666666,0.6,0.13333333333333333,0.5499999999999999,0.19722222222222222
2012-06-30,0.16666666666666669,-0.2833333333333333,0.2833333333333333,0.2333333333333333,0.0405812158394347,-0.0284408945346146,17.079999923706055,-0.2901080505889751,1,-0.33333333333333337,0.19999999999999998,-0.7333333333333334,-0.2888888888888889,-0.20833333333333334,0.09999999999999999,-0.9333333333333332,-0.7666666666666667,-0.5333333333333333,-0.13333333333333336,-0.2333333333333333,0.9500000000000001,0.6666666666666667,0.4611111111111112,0.08333333333333336,-0.2833333333333333,0.9166666666666666,0.6,0.41111111111111115,0.041666666666666685
2012-07-31,-0.45,0.5666666666666667,-0.5833333333333334,-0.5833333333333334,0.011829184081203,-0.0169481430302955,18.93000030517578,0.1083138401483265,1,0.16666666666666669,-0.33333333333333337,0.19999999999999998,0.01111111111111109,-0.07222222222222222,-0.2833333333333333,0.09999999999999999,-0.9333333333333332,-0.37222222222222223,-0.2888888888888889,0.2833333333333333,-0.2333333333333333,0.9500000000000001,0.3333333333333333,0.2611111111111111,0.2333333333333333,-0.2833333333333333,0.9166666666666666,0.2888888888888889,0.21111111111111114
2012-08-31,0.21666666666666667,-0.11666666666666665,-0.35,-0.33333333333333337,0.0250528137732739,0.0,17.469999313354492,-0.0771263057730696,1,-0.45,0.16666666666666669,-0.33333333333333337,-0.20555555555555557,-0.08055555555555556,0.5666666666666667,-0.2833333333333333,0.09999999999999999,0.12777777777777774,-0.2333333333333333,-0.5833333333333334,0.2833333333333333,-0.2333333333333333,-0.17777777777777778,0.19166666666666668,-0.5833333333333334,0.2333333333333333,-0.2833333333333333,-0.2111111111111111,0.16944444444444443
2012-09-30,-0.33333333333333337,-0.03333333333333333,0.16666666666666669,0.33333333333333337,0.0253509682835229,0.0,15.729999542236328,-0.0995993039214412,0,0.21666666666666667,-0.45,0.16666666666666669,-0.022222222222222237,-0.15555555555555559,-0.11666666666666665,0.5666666666666667,-0.2833333333333333,0.055555555555555525,-0.2388888888888889,-0.35,-0.5833333333333334,0.2833333333333333,-0.21666666666666667,0.12222222222222225,-0.33333333333333337,-0.5833333333333334,0.2333333333333333,-0.22777777777777777,0.09166666666666667
2012-10-31,-0.18333333333333335,-0.21666666666666667,-0.13333333333333333,-0.11666666666666665,-0.0181980687153699,-0.0181980687153699,18.600000381469727,0.1824539683886965,1,-0.33333333333333337,0.21666666666666667,-0.45,-0.1888888888888889,-0.0888888888888889,-0.03333333333333333,-0.11666666666666665,0.5666666666666667,0.13888888888888887,-0.11666666666666665,0.16666666666666669,-0.35,-0.5833333333333334,-0.25555555555555554,0.03888888888888889,0.33333333333333337,-0.33333333333333337,-0.5833333333333334,-0.19444444444444442,0.04722222222222224
2012-11-30,0.5333333333333333,0.6,-0.6833333333333333,-0.7166666666666667,0.0056593828982778,-0.0126416756559615,15.869999885559082,-0.1467742172000389,0,-0.18333333333333335,-0.33333333333333337,0.21666666666666667,-0.10000000000000003,-0.1527777777777778,-0.21666666666666667,-0.03333333333333333,-0.11666666666666665,-0.12222222222222227,0.0027777777777777727,-0.13333333333333333,0.16666666666666669,-0.35,-0.10555555555555556,-0.1416666666666667,-0.11666666666666665,0.33333333333333337,-0.33333333333333337,-0.03888888888888885,-0.12499999999999999
2012-12-31,0.43333333333333335,0.31666666666666665,-0.08333333333333334,-0.06666666666666667,0.0089345104444147,-0.0038201123947299,18.020000457763672,0.1354757774233499,1,0.5333333333333333,-0.18333333333333335,-0.33333333333333337,0.0055555555555554985,-0.00833333333333334,0.6,-0.21666666666666667,-0.03333333333333333,0.1166666666666666,0.0861111111111111,-0.6833333333333333,-0.13333333333333333,0.16666666666666669,-0.21666666666666667,-0.21666666666666667,-0.7166666666666667,-0.11666666666666665,0.33333333333333337,-0.1666666666666666,-0.1972222222222222
2013-01-31,-0.19999999999999998,-0.65,0.8499999999999999,0.8333333333333333,0.0511899058518283,0.0,14.279999732971191,-0.2075472047605389,0,0.43333333333333335,0.5333333333333333,-0.18333333333333335,0.26111111111111107,0.0361111111111111,0.31666666666666665,0.6,-0.21666666666666667,0.23333333333333325,0.18611111111111112,-0.08333333333333334,-0.6833333333333333,-0.13333333333333333,-0.3,-0.2777777777777778,-0.06666666666666667,-0.7166666666666667,-0.11666666666666665,-0.3,-0.24722222222222223
2013-02-28,-0.03333333333333333,-0.5,0.8333333333333333,0.8166666666666667,0.012759011903896,0.0,15.510000228881836,0.0861344901198204,0,-0.19999999999999998,0.43333333333333335,0.5333333333333333,0.25555555555555554,0.07777777777777778,-0.65,0.31666666666666665,0.6,0.08888888888888884,-0.01666666666666668,0.8499999999999999,-0.08333333333333334,-0.6833333333333333,0.027777777777777717,-0.03888888888888892,0.8333333333333333,-0.06666666666666667,-0.7166666666666667,0.01666666666666668,-0.01111111111111109
2013-03-31,0.45,-0.39999999999999997,0.7333333333333334,0.8166666666666667,0.0379713401309271,0.0,12.699999809265137,-0.1811734608735902,0,-0.03333333333333333,-0.19999999999999998,0.43333333333333335,0.06666666666666667,0.03611111111111111,-0.5,-0.65,0.31666666666666665,-0.27777777777777785,-0.08055555555555557,0.8333333333333333,0.8499999999999999,-0.08333333333333334,0.5333333333333332,0.1583333333333333,0.8166666666666667,0.8333333333333333,-0.06666666666666667,0.5277777777777778,0.18055555555555558
2013-04-30,-0.5499999999999999,0.6666666666666667,-0.7333333333333334,-0.6833333333333333,0.0192126082254344,0.0,13.520000457763672,0.0645669811664337,0,0.45,-0.03333333333333333,-0.19999999999999998,0.07222222222222222,0.16666666666666666,-0.39999999999999997,-0.5,-0.65,-0.5166666666666667,-0.1416666666666667,0.7333333333333334,0.8333333333333333,0.8499999999999999,0.8055555555555555,0.2527777777777777,0.8166666666666667,0.8166666666666667,0.8333333333333333,0.8222222222222223,0.2611111111111111
2013-05-31,0.13333333333333333,0.21666666666666667,0.8166666666666667,0.4666666666666666,0.0236099516616881,0.0,16.299999237060547,0.2056212045244791,0,-0.5499999999999999,0.45,-0.03333333333333333,-0.04444444444444443,0.10555555555555558,0.6666666666666667,-0.39999999999999997,-0.5,-0.07777777777777777,0.005555555555555554,-0.7333333333333334,0.7333333333333334,0.8333333333333333,0.2777777777777778,0.1527777777777777,-0.6833333333333333,0.8166666666666667,0.8166666666666667,0.3166666666666667,0.16666666666666666
2013-06-30,0.3666666666666667,0.13333333333333333,-0.48333333333333334,-0.6166666666666666,-0.0133452758010824,-0.0133452758010824,16.860000610351562,0.0343559140799079,1,0.13333333333333333,-0.5499999999999999,0.45,0.011111111111111118,0.038888888888888924,0.21666666666666667,0.6666666666666667,-0.39999999999999997,0.16111111111111112,-0.05833333333333333,0.8166666666666667,-0.7333333333333334,0.7333333333333334,0.2722222222222222,0.4027777777777777,0.4666666666666666,-0.6833333333333333,0.8166666666666667,0.20000000000000004,0.36388888888888893
2013-07-31,-0.39999999999999997,-0.3666666666666667,-0.2833333333333333,0.21666666666666667,0.0516773949064532,0.0,13.449999809265137,-0.2022538954709635,0,0.3666666666666667,0.13333333333333333,-0.5499999999999999,-0.016666666666666646,0.027777777777777814,0.13333333333333333,0.21666666666666667,0.6666666666666667,0.33888888888888885,-0.08888888888888889,-0.48333333333333334,0.8166666666666667,-0.7333333333333334,-0.13333333333333336,0.3361111111111111,-0.6166666666666666,0.4666666666666666,-0.6833333333333333,-0.27777777777777773,0.2722222222222222
2013-08-31,0.7999999999999999,0.016666666666666666,-0.16666666666666669,-0.21666666666666667,-0.0299925886726839,-0.0299925886726839,17.010000228881836,0.2646840498216487,1,-0.39999999999999997,0.3666666666666667,0.13333333333333333,0.033333333333333305,-0.005555555555555518,-0.3666666666666667,0.13333333333333333,0.21666666666666667,-0.0055555555555556095,-0.041666666666666664,-0.2833333333333333,-0.48333333333333334,0.8166666666666667,0.016666666666666663,0.14722222222222223,0.21666666666666667,-0.6166666666666666,0.4666666666666666,0.022222222222222254,0.16944444444444448
2013-09-30,0.18333333333333335,-0.6166666666666666,0.6666666666666667,0.75,0.031646198678827,0.0,16.600000381469727,-0.0241034592531019,0,0.7999999999999999,-0.39999999999999997,0.3666666666666667,0.2555555555555555,0.13333333333333336,0.016666666666666666,-0.3666666666666667,0.13333333333333333,-0.07222222222222228,0.044444444444444446,-0.16666666666666669,-0.2833333333333333,-0.48333333333333334,-0.3111111111111111,-0.019444444444444448,-0.21666666666666667,0.21666666666666667,-0.6166666666666666,-0.2055555555555555,-0.0027777777777777493
2013-10-31,0.26666666666666666,0.2333333333333333,0.43333333333333335,0.049999999999999996,0.0463070738693147,0.0,13.75,-0.171686766022676,0,0.18333333333333335,0.7999999999999999,-0.39999999999999997,0.1944444444444444,0.0888888888888889,-0.6166666666666666,0.016666666666666666,-0.3666666666666667,-0.32222222222222224,0.00833333333333334,0.6666666666666667,-0.16666666666666669,-0.2833333333333333,0.07222222222222224,-0.030555555555555558,0.75,-0.21666666666666667,0.21666666666666667,0.25000000000000006,-0.013888888888888859
2013-11-30,0.3666666666666667,0.0,-0.08333333333333334,-0.16666666666666669,0.0296375652768865,0.0,13.699999809265137,-0.00363637750799,0,0.26666666666666666,0.18333333333333335,0.7999999999999999,0.4166666666666666,0.225,0.2333333333333333,-0.6166666666666666,0.016666666666666666,-0.12222222222222227,-0.0638888888888889,0.43333333333333335,0.6666666666666667,-0.16666666666666669,0.3111111111111111,0.1638888888888889,0.049999999999999996,0.75,-0.21666666666666667,0.1944444444444445,0.10833333333333338
2013-12-31,-0.13333333333333333,-0.25,-0.03333333333333333,-0.016666666666666666,0.0259265222676412,0.0,13.720000267028809,0.0014598874483302,0,0.3666666666666667,0.26666666666666666,0.18333333333333335,0.27222222222222214,0.2638888888888889,0.0,0.2333333333333333,-0.6166666666666666,-0.1277777777777778,-0.10000000000000002,-0.08333333333333334,0.43333333333333335,0.6666666666666667,0.33888888888888896,0.0138888888888889,-0.16666666666666669,0.049999999999999996,0.75,0.21111111111111114,0.0027777777777778143
2014-01-31,0.2833333333333333,-0.43333333333333335,-0.11666666666666665,-0.11666666666666665,-0.0352481565014283,-0.0352481565014283,18.40999984741211,0.3418366974564908,1,-0.13333333333333333,0.3666666666666667,0.26666666666666666,0.1666666666666666,0.18055555555555555,-0.25,0.0,0.2333333333333333,-0.0055555555555556095,-0.1638888888888889,-0.03333333333333333,-0.08333333333333334,0.43333333333333335,0.10555555555555556,0.0888888888888889,-0.016666666666666666,-0.16666666666666669,0.049999999999999996,-0.04444444444444442,0.1027777777777778
2014-02-28,-0.5,0.13333333333333333,0.03333333333333333,0.19999999999999998,0.0455157088014348,0.0,14.0,-0.2395437199328397,0,0.2833333333333333,-0.13333333333333333,0.3666666666666667,0.17222222222222214,0.29444444444444445,-0.43333333333333335,-0.25,0.0,-0.22777777777777783,-0.17500000000000002,-0.11666666666666665,-0.03333333333333333,-0.08333333333333334,-0.07777777777777778,0.11666666666666665,-0.11666666666666665,-0.016666666666666666,-0.16666666666666669,-0.09999999999999996,0.04722222222222224
2014-03-31,-0.016666666666666666,-0.26666666666666666,0.25,0.39999999999999997,0.0082954588655095,0.0,13.880000114440918,-0.0085714203970772,0,-0.5,0.2833333333333333,-0.13333333333333333,-0.11666666666666675,0.07777777777777779,0.13333333333333333,-0.43333333333333335,-0.25,-0.18333333333333338,-0.15555555555555556,0.03333333333333333,-0.11666666666666665,-0.03333333333333333,-0.03888888888888889,0.15,0.19999999999999998,-0.11666666666666665,-0.016666666666666666,0.022222222222222254,0.11666666666666668
2014-04-30,-0.3666666666666667,-0.5833333333333334,-0.21666666666666667,-0.33333333333333337,0.0069512847015431,0.0,13.40999984741211,-0.033861690428937,0,-0.016666666666666666,-0.5,0.2833333333333333,-0.07777777777777786,0.04444444444444446,-0.26666666666666666,0.13333333333333333,-0.43333333333333335,-0.1888888888888889,-0.09722222222222225,0.25,0.03333333333333333,-0.11666666666666665,0.05555555555555555,0.08055555555555556,0.39999999999999997,0.19999999999999998,-0.11666666666666665,0.16111111111111112,0.05833333333333334
2014-05-31,0.25,0.75,0.0,-0.08333333333333334,0.0232064868315813,0.0,11.399999618530272,-0.1498881619502577,0,-0.3666666666666667,-0.016666666666666666,-0.5,-0.29444444444444456,-0.061111111111111095,-0.5833333333333334,-0.26666666666666666,0.13333333333333333,-0.23888888888888893,-0.23333333333333336,-0.21666666666666667,0.25,0.03333333333333333,0.022222222222222216,-0.02777777777777778,-0.33333333333333337,0.39999999999999997,0.19999999999999998,0.0888888888888889,-0.005555555555555554
2014-06-30,-0.21666666666666667,-0.5166666666666667,-0.2333333333333333,-0.35,0.0206451530239824,0.0,11.56999969482422,0.0149122878932048,0,0.25,-0.3666666666666667,-0.016666666666666666,-0.04444444444444454,-0.08055555555555555,0.75,-0.5833333333333334,-0.26666666666666666,-0.03333333333333336,-0.10833333333333335,0.0,-0.21666666666666667,0.25,0.011111111111111106,-0.01388888888888889,-0.08333333333333334,-0.33333333333333337,0.39999999999999997,-0.005555555555555545,0.008333333333333337
2014-07-31,-0.5499999999999999,-0.13333333333333333,-0.31666666666666665,-0.11666666666666665,-0.0134374513189231,-0.0134374513189231,16.950000762939453,0.4649957830614246,1,-0.21666666666666667,0.25,-0.3666666666666667,-0.11111111111111122,-0.09444444444444444,-0.5166666666666667,0.75,-0.5833333333333334,-0.11666666666666674,-0.15277777777777782,-0.2333333333333333,0.0,-0.21666666666666667,-0.15,-0.04722222222222222,-0.35,-0.08333333333333334,-0.33333333333333337,-0.25555555555555554,-0.04722222222222222
2014-08-31,-0.06666666666666667,-0.31666666666666665,0.43333333333333335,0.5166666666666667,0.0394631627887518,0.0,12.09000015258789,-0.2867256868198952,0,-0.5499999999999999,-0.21666666666666667,0.25,-0.17222222222222228,-0.2333333333333333,-0.13333333333333333,-0.5166666666666667,0.75,0.03333333333333328,-0.1027777777777778,-0.31666666666666665,-0.2333333333333333,0.0,-0.18333333333333332,-0.08055555555555556,-0.11666666666666665,-0.35,-0.08333333333333334,-0.18333333333333326,-0.04722222222222222
2014-09-30,0.06666666666666667,0.08333333333333334,-0.09999999999999999,-0.13333333333333333,-0.0137960429556038,-0.0137960429556038,16.309999465942383,0.3490487394618595,0,-0.06666666666666667,-0.5499999999999999,-0.21666666666666667,-0.27777777777777785,-0.1611111111111111,-0.31666666666666665,-0.13333333333333333,-0.5166666666666667,-0.32222222222222224,-0.1777777777777778,0.43333333333333335,-0.31666666666666665,-0.2333333333333333,-0.03888888888888886,-0.013888888888888876,0.5166666666666667,-0.11666666666666665,-0.35,0.016666666666666757,0.005555555555555573
2014-10-31,0.2333333333333333,-0.5499999999999999,0.7999999999999999,0.5166666666666667,0.0235507469542799,0.0,14.029999732971191,-0.1397915271384379,0,0.06666666666666667,-0.06666666666666667,-0.5499999999999999,-0.18333333333333343,-0.1472222222222222,0.08333333333333334,-0.31666666666666665,-0.13333333333333333,-0.12222222222222223,-0.11944444444444446,-0.09999999999999999,0.43333333333333335,-0.31666666666666665,0.0055555555555555775,-0.07222222222222222,-0.13333333333333333,0.5166666666666667,-0.11666666666666665,0.08888888888888898,-0.08333333333333331
2014-11-30,-0.38333333333333336,0.5333333333333333,-0.26666666666666666,0.049999999999999996,0.0274719540254384,0.0,13.329999923706056,-0.049893073598576,0,0.2333333333333333,0.06666666666666667,-0.06666666666666667,0.07777777777777765,-0.04722222222222222,-0.5499999999999999,0.08333333333333334,-0.31666666666666665,-0.2611111111111111,-0.11388888888888889,0.7999999999999999,-0.09999999999999999,0.43333333333333335,0.37777777777777777,0.09722222222222221,0.5166666666666667,-0.13333333333333333,0.5166666666666667,0.3000000000000001,0.05833333333333337
2014-12-31,0.7,-0.39999999999999997,0.08333333333333334,0.06666666666666667,-0.0025363812351065,-0.0025363812351065,19.200000762939453,0.4403601555011409,1,-0.38333333333333336,0.2333333333333333,0.06666666666666667,-0.0277777777777779,-0.15277777777777776,0.5333333333333333,-0.5499999999999999,0.08333333333333334,0.022222222222222216,-0.15,-0.26666666666666666,0.7999999999999999,-0.09999999999999999,0.14444444444444443,0.052777777777777785,0.049999999999999996,0.5166666666666667,-0.13333333333333333,0.14444444444444451,0.08055555555555559
2015-01-31,-0.5166666666666667,-0.09999999999999999,-0.38333333333333336,0.18333333333333335,-0.0296296356058707,-0.0320908647892235,20.969999313354492,0.0921874208375843,1,0.7,-0.38333333333333336,0.2333333333333333,0.1833333333333332,0.0,-0.39999999999999997,0.5333333333333333,-0.5499999999999999,-0.13888888888888887,-0.13055555555555554,0.08333333333333334,-0.26666666666666666,0.7999999999999999,0.20555555555555557,0.10555555555555557,0.06666666666666667,0.049999999999999996,0.5166666666666667,0.21111111111111117,0.15000000000000002
2015-02-28,0.16666666666666669,0.5666666666666667,0.45,0.09999999999999999,0.0562050492218901,0.0,13.34000015258789,-0.3638530954031804,0,-0.5166666666666667,0.7,-0.38333333333333336,-0.0666666666666668,0.005555555555555554,-0.09999999999999999,-0.39999999999999997,0.5333333333333333,0.011111111111111086,-0.125,-0.38333333333333336,0.08333333333333334,-0.26666666666666666,-0.18888888888888888,0.09444444444444444,0.18333333333333335,0.06666666666666667,0.049999999999999996,0.10000000000000005,0.20000000000000004
2015-03-31,-0.5833333333333334,-0.03333333333333333,-0.5666666666666667,-0.45,-0.0157060648921038,-0.0157060648921038,15.289999961853027,0.1461768955742364,0,0.16666666666666669,-0.5166666666666667,0.7,0.11666666666666653,0.044444444444444446,0.5666666666666667,-0.09999999999999999,-0.39999999999999997,0.02222222222222218,0.022222222222222216,0.45,-0.38333333333333336,0.08333333333333334,0.05000000000000001,0.09722222222222221,0.09999999999999999,0.18333333333333335,0.06666666666666667,0.11666666666666674,0.13055555555555556
2015-04-30,0.6166666666666666,0.06666666666666667,0.31666666666666665,0.2833333333333333,0.0098341925107829,-0.0060263288470565,14.550000190734863,-0.0483976306713137,0,-0.5833333333333334,0.16666666666666669,-0.5166666666666667,-0.3111111111111113,-0.0638888888888889,-0.03333333333333333,0.5666666666666667,-0.09999999999999999,0.1444444444444444,0.0027777777777777714,-0.5666666666666667,0.45,-0.38333333333333336,-0.16666666666666666,0.01944444444444443,-0.45,0.09999999999999999,0.18333333333333335,-0.05555555555555549,0.07777777777777779
2015-05-31,0.5166666666666667,0.38333333333333336,0.7166666666666667,0.41666666666666663,0.0128560030685667,0.0,13.84000015258789,-0.048797252841212,0,0.6166666666666666,-0.5833333333333334,0.16666666666666669,0.06666666666666654,-1.850371707708594e-17,0.06666666666666667,-0.03333333333333333,0.5666666666666667,0.19999999999999996,0.10555555555555553,0.31666666666666665,-0.5666666666666667,0.45,0.06666666666666667,-0.061111111111111116,0.2833333333333333,-0.45,0.09999999999999999,-0.02222222222222218,0.038888888888888896
2015-06-30,0.06666666666666667,-0.016666666666666666,0.31666666666666665,0.3,-0.0203121326679386,-0.0203121326679386,18.229999542236328,0.3171964841942265,1,0.5166666666666667,0.6166666666666666,-0.5833333333333334,0.1833333333333332,0.15,0.38333333333333336,0.06666666666666667,-0.03333333333333333,0.13888888888888887,0.08055555555555553,0.7166666666666667,0.31666666666666665,-0.5666666666666667,0.15555555555555556,0.10277777777777779,0.41666666666666663,0.2833333333333333,-0.45,0.08333333333333337,0.10000000000000002
2015-07-31,-0.8166666666666667,0.049999999999999996,-0.5166666666666667,-0.5333333333333333,0.0225892430689425,0.0,12.119999885559082,-0.3351618107571117,0,0.06666666666666667,0.5166666666666667,0.6166666666666666,0.3999999999999999,0.04444444444444445,-0.016666666666666666,0.38333333333333336,0.06666666666666667,0.1444444444444444,0.1444444444444444,0.31666666666666665,0.7166666666666667,0.31666666666666665,0.44999999999999996,0.14166666666666664,0.3,0.41666666666666663,0.2833333333333333,0.3333333333333334,0.1388888888888889
2015-08-31,0.6,-0.26666666666666666,0.5833333333333334,0.7166666666666667,-0.0609497236692752,-0.0609497236692752,28.43000030517578,1.3457096182855564,1,-0.8166666666666667,0.06666666666666667,0.5166666666666667,-0.07777777777777783,-0.005555555555555536,0.049999999999999996,-0.016666666666666666,0.38333333333333336,0.13888888888888887,0.16944444444444443,-0.5166666666666667,0.31666666666666665,0.7166666666666667,0.17222222222222217,0.11944444444444445,-0.5333333333333333,0.3,0.41666666666666663,0.061111111111111116,0.019444444444444448
2015-09-30,-0.7166666666666667,-0.06666666666666667,-0.7,-0.6666666666666667,-0.0255160889884454,-0.0849106140847543,24.5,-0.1382342688353862,1,0.6,-0.8166666666666667,0.06666666666666667,-0.05000000000000008,0.06666666666666668,-0.26666666666666666,0.049999999999999996,-0.016666666666666666,-0.07777777777777782,0.03055555555555553,0.5833333333333334,-0.5166666666666667,0.31666666666666665,0.12777777777777777,0.14166666666666664,0.7166666666666667,-0.5333333333333333,0.3,0.16111111111111115,0.12222222222222223
2015-10-31,-0.25,0.11666666666666665,-0.41666666666666663,-0.41666666666666663,0.0850593461321007,-0.0070737092663778,15.06999969482422,-0.3848979716398277,0,-0.7166666666666667,0.6,-0.8166666666666667,-0.31111111111111117,0.04444444444444445,-0.06666666666666667,-0.26666666666666666,0.049999999999999996,-0.09444444444444448,0.024999999999999977,-0.7,0.5833333333333334,-0.5166666666666667,-0.2111111111111111,0.11944444444444445,-0.6666666666666667,0.7166666666666667,-0.5333333333333333,-0.1611111111111111,0.0861111111111111
2015-11-30,0.06666666666666667,-0.2333333333333333,0.5499999999999999,0.6,0.0036550232398655,-0.003444540598273,16.1299991607666,0.0703383866893134,0,-0.25,-0.7166666666666667,0.6,-0.1222222222222223,-0.09999999999999996,0.11666666666666665,-0.06666666666666667,-0.26666666666666666,-0.07222222222222226,0.033333333333333305,-0.41666666666666663,-0.7,0.5833333333333334,-0.17777777777777773,-0.002777777777777768,-0.41666666666666663,-0.6666666666666667,0.7166666666666667,-0.12222222222222219,-0.030555555555555548
2015-12-31,0.016666666666666666,-0.15,0.4666666666666666,0.41666666666666663,-0.0172823193626006,-0.0206673303101968,18.209999084472656,0.1289522648435896,1,0.06666666666666667,-0.25,-0.7166666666666667,-0.3000000000000001,-0.17499999999999996,-0.2333333333333333,0.11666666666666665,-0.06666666666666667,-0.061111111111111144,-0.06944444444444448,0.5499999999999999,-0.41666666666666663,-0.7,-0.1888888888888889,-0.030555555555555558,0.6,-0.41666666666666663,-0.6666666666666667,-0.1611111111111111,1.850371707708594e-17
2016-01-31,0.26666666666666666,-0.7666666666666667,0.31666666666666665,0.38333333333333336,-0.0497866371733919,-0.0694250106080923,20.200000762939453,0.109280712713689,1,0.016666666666666666,0.06666666666666667,-0.25,-0.05555555555555563,-0.18333333333333332,-0.15,-0.2333333333333333,0.11666666666666665,-0.08888888888888892,-0.09166666666666669,0.4666666666666666,0.5499999999999999,-0.41666666666666663,0.19999999999999996,-0.005555555555555564,0.41666666666666663,0.6,-0.41666666666666663,0.20000000000000004,0.019444444444444448
2016-02-29,-0.15,-0.049999999999999996,-0.41666666666666663,-0.5666666666666667,-0.0008257592143535,-0.0701934414802297,20.549999237060547,0.0173266564802923,1,0.26666666666666666,0.016666666666666666,0.06666666666666667,0.11666666666666659,-0.0027777777777777493,-0.7666666666666667,-0.15,-0.2333333333333333,-0.38333333333333336,-0.22777777777777777,0.31666666666666665,0.4666666666666666,0.5499999999999999,0.4444444444444444,0.13333333333333333,0.38333333333333336,0.41666666666666663,0.6,0.4666666666666666,0.17222222222222225
2016-03-31,-0.6666666666666667,0.38333333333333336,-0.8499999999999999,-0.6833333333333333,0.0672656915258251,-0.0076493603361497,13.949999809265137,-0.3211678672908539,0,-0.15,0.26666666666666666,0.016666666666666666,0.04444444444444439,-0.12777777777777774,-0.049999999999999996,-0.7666666666666667,-0.15,-0.3222222222222223,-0.19166666666666668,-0.41666666666666663,0.31666666666666665,0.4666666666666666,0.12222222222222222,-0.03333333333333333,-0.5666666666666667,0.38333333333333336,0.41666666666666663,0.07777777777777779,-0.04166666666666665
2016-04-30,-0.7166666666666667,0.016666666666666666,0.16666666666666669,0.26666666666666666,0.0039416821549156,-0.0037378295283676,15.699999809265137,0.1254480303890546,0,-0.6666666666666667,-0.15,0.26666666666666666,-0.18333333333333343,-0.11944444444444442,0.38333333333333336,-0.049999999999999996,-0.7666666666666667,-0.1444444444444445,-0.1166666666666667,-0.8499999999999999,-0.41666666666666663,0.31666666666666665,-0.3166666666666666,-0.05833333333333332,-0.6833333333333333,-0.5666666666666667,0.38333333333333336,-0.28888888888888886,-0.04444444444444442
2016-05-31,0.39999999999999997,0.16666666666666669,0.5166666666666667,0.08333333333333334,0.0170115585668029,0.0,14.1899995803833,-0.0961783596959492,0,-0.7166666666666667,-0.6666666666666667,-0.15,-0.5111111111111112,-0.1972222222222222,0.016666666666666666,0.38333333333333336,-0.049999999999999996,0.11666666666666664,-0.13333333333333336,0.16666666666666669,-0.8499999999999999,-0.41666666666666663,-0.36666666666666664,0.038888888888888896,0.26666666666666666,-0.6833333333333333,-0.5666666666666667,-0.3277777777777778,0.06944444444444446
2016-06-30,-0.7,-0.48333333333333334,-0.11666666666666665,0.016666666666666666,0.0034754636426497,0.0,15.630000114440918,0.1014799560704933,0,0.39999999999999997,-0.7166666666666667,-0.6666666666666667,-0.3277777777777779,-0.14166666666666664,0.16666666666666669,0.016666666666666666,0.38333333333333336,0.18888888888888888,-0.0666666666666667,0.5166666666666667,0.16666666666666669,-0.8499999999999999,-0.055555555555555504,0.03333333333333336,0.08333333333333334,0.26666666666666666,-0.6833333333333333,-0.11111111111111112,-0.01666666666666664
2016-07-31,-0.26666666666666666,0.16666666666666669,-0.7166666666666667,-0.8166666666666667,0.0364713170429062,0.0,11.869999885559082,-0.240563032716032,0,-0.7,0.39999999999999997,-0.7166666666666667,-0.33888888888888896,-0.26111111111111107,-0.48333333333333334,0.16666666666666669,0.016666666666666666,-0.10000000000000003,-0.12222222222222225,-0.11666666666666665,0.5166666666666667,0.16666666666666669,0.18888888888888888,-0.06388888888888884,0.016666666666666666,0.08333333333333334,0.26666666666666666,0.12222222222222223,-0.0833333333333333
2016-08-31,0.31666666666666665,0.19999999999999998,-0.18333333333333335,-0.21666666666666667,0.0011978447681724,0.0,13.420000076293944,0.130581314715982,0,-0.26666666666666666,-0.7,0.39999999999999997,-0.18888888888888897,-0.3499999999999999,0.16666666666666669,-0.48333333333333334,0.16666666666666669,-0.050000000000000024,0.03333333333333332,-0.7166666666666667,-0.11666666666666665,0.5166666666666667,-0.10555555555555557,-0.23611111111111108,-0.8166666666666667,0.016666666666666666,0.08333333333333334,-0.23888888888888885,-0.28333333333333327
2016-09-30,-0.25,0.3666666666666667,-0.11666666666666665,-0.15,5.802875974358912e-05,0.0,13.289999961853027,-0.0096870427497655,0,0.31666666666666665,-0.26666666666666666,-0.7,-0.2166666666666667,-0.2722222222222222,0.19999999999999998,0.16666666666666669,-0.48333333333333334,-0.038888888888888924,0.07499999999999997,-0.18333333333333335,-0.7166666666666667,-0.11666666666666665,-0.33888888888888896,-0.1972222222222222,-0.21666666666666667,-0.8166666666666667,0.016666666666666666,-0.33888888888888885,-0.22499999999999998
2016-10-31,0.26666666666666666,0.19999999999999998,-0.5666666666666667,-0.19999999999999998,-0.0173372640468503,-0.0173372640468503,17.059999465942383,0.283671897284468,1,-0.25,0.31666666666666665,-0.26666666666666666,-0.06666666666666671,-0.20277777777777772,0.3666666666666667,0.19999999999999998,0.16666666666666669,0.24444444444444444,0.0722222222222222,-0.11666666666666665,-0.18333333333333335,-0.7166666666666667,-0.33888888888888885,-0.07499999999999998,-0.15,-0.21666666666666667,-0.8166666666666667,-0.3944444444444444,-0.1361111111111111
2016-11-30,-0.06666666666666667,0.45,-0.31666666666666665,-0.45,0.0368385523659262,0.0,13.329999923706056,-0.2186400737985183,0,0.26666666666666666,-0.25,0.31666666666666665,0.11111111111111106,-0.03888888888888884,0.19999999999999998,0.3666666666666667,0.19999999999999998,0.2555555555555555,0.10277777777777775,-0.5666666666666667,-0.11666666666666665,-0.18333333333333335,-0.2888888888888889,-0.1972222222222222,-0.19999999999999998,-0.15,-0.21666666666666667,-0.18888888888888886,-0.21388888888888888
2016-12-31,-0.26666666666666666,-0.9666666666666667,0.31666666666666665,0.7,0.0202717037507895,0.0,14.039999961853027,0.0532633189955469,0,-0.06666666666666667,0.26666666666666666,-0.25,-0.016666666666666705,-0.11666666666666663,0.45,0.19999999999999998,0.3666666666666667,0.33888888888888885,0.15,-0.31666666666666665,-0.5666666666666667,-0.11666666666666665,-0.3333333333333333,-0.3361111111111111,-0.45,-0.19999999999999998,-0.15,-0.2666666666666666,-0.30277777777777776
2017-01-31,-0.33333333333333337,0.31666666666666665,-0.2833333333333333,-0.33333333333333337,0.0178944472160968,0.0,11.989999771118164,-0.1460114099932162,0,-0.26666666666666666,-0.06666666666666667,0.26666666666666666,-0.022222222222222254,-0.044444444444444405,-0.9666666666666667,0.45,0.19999999999999998,-0.10555555555555558,0.06944444444444442,0.31666666666666665,-0.31666666666666665,-0.5666666666666667,-0.18888888888888888,-0.2638888888888889,0.7,-0.45,-0.19999999999999998,0.01666666666666672,-0.18888888888888886
2017-02-28,-0.016666666666666666,-0.8833333333333333,0.45,0.41666666666666663,0.0392913992361634,0.0,12.920000076293944,0.0775646641308525,0,-0.33333333333333337,-0.26666666666666666,-0.06666666666666667,-0.22222222222222224,-0.055555555555555525,0.31666666666666665,-0.9666666666666667,0.45,-0.0666666666666667,0.0944444444444444,-0.2833333333333333,0.31666666666666665,-0.31666666666666665,-0.09444444444444444,-0.19166666666666665,-0.33333333333333337,0.7,-0.45,-0.027777777777777752,-0.10833333333333332
2017-03-31,0.5333333333333333,-0.65,0.7999999999999999,0.7166666666666667,0.001250442542759,0.0,12.369999885559082,-0.0425696739541062,0,-0.016666666666666666,-0.33333333333333337,-0.26666666666666666,-0.2055555555555556,-0.11111111111111109,-0.8833333333333333,0.31666666666666665,-0.9666666666666667,-0.5111111111111112,-0.08611111111111114,0.45,-0.2833333333333333,0.31666666666666665,0.16111111111111112,-0.0861111111111111,0.41666666666666663,-0.33333333333333337,0.7,0.2611111111111111,-0.002777777777777768
2017-04-30,0.2833333333333333,-0.31666666666666665,0.16666666666666669,0.5166666666666667,0.0099260315565052,0.0,10.81999969482422,-0.1253031693673946,0,0.5333333333333333,-0.016666666666666666,-0.33333333333333337,0.06111111111111106,0.01944444444444447,-0.65,-0.8833333333333333,0.31666666666666665,-0.4055555555555556,-0.2555555555555556,0.7999999999999999,0.45,-0.2833333333333333,0.3222222222222222,0.06666666666666668,0.7166666666666667,0.41666666666666663,-0.33333333333333337,0.26666666666666666,0.1416666666666667
2017-05-31,-0.7666666666666667,0.09999999999999999,-0.19999999999999998,-0.41666666666666663,0.0141128774463366,0.0,10.40999984741211,-0.0378927780939065,0,0.2833333333333333,0.5333333333333333,-0.016666666666666666,0.26666666666666666,0.022222222222222244,-0.31666666666666665,-0.65,-0.8833333333333333,-0.6166666666666667,-0.34166666666666673,0.16666666666666669,0.7999999999999999,0.45,0.47222222222222227,0.1888888888888889,0.5166666666666667,0.7166666666666667,0.41666666666666663,0.5499999999999999,0.2611111111111111
2017-06-30,-0.33333333333333337,0.19999999999999998,-0.65,-0.4666666666666666,0.0063750322049542,0.0,11.18000030517578,0.0739673841546779,0,-0.7666666666666667,0.2833333333333333,0.5333333333333333,0.016666666666666607,-0.09444444444444444,0.09999999999999999,-0.31666666666666665,-0.65,-0.2888888888888889,-0.4000000000000001,-0.19999999999999998,0.16666666666666669,0.7999999999999999,0.25555555555555554,0.20833333333333337,-0.41666666666666663,0.5166666666666667,0.7166666666666667,0.2722222222222223,0.2666666666666667
2017-07-31,0.6833333333333333,-0.08333333333333334,0.25,0.33333333333333337,0.0205539685338804,0.0,10.260000228881836,-0.0822898077979505,0,-0.33333333333333337,-0.7666666666666667,0.2833333333333333,-0.2722222222222223,-0.10555555555555556,0.19999999999999998,0.09999999999999999,-0.31666666666666665,-0.005555555555555591,-0.2055555555555556,-0.65,-0.19999999999999998,0.16666666666666669,-0.22777777777777775,0.04722222222222224,-0.4666666666666666,-0.41666666666666663,0.5166666666666667,-0.12222222222222213,0.07222222222222227
2017-08-31,-0.13333333333333333,0.6,-0.7833333333333333,-0.6333333333333333,0.0029176842063132,0.0,10.59000015258789,0.0321637345364873,0,0.6833333333333333,-0.33333333333333337,-0.7666666666666667,-0.13888888888888892,0.0638888888888889,-0.08333333333333334,0.19999999999999998,0.09999999999999999,0.07222222222222217,-0.27222222222222225,0.25,-0.65,-0.19999999999999998,-0.19999999999999996,0.13611111111111113,0.33333333333333337,-0.4666666666666666,-0.41666666666666663,-0.18333333333333324,0.18333333333333343
2017-09-30,0.6,-0.3,-0.3,-0.3666666666666667,0.0201495579813479,0.0,9.510000228881836,-0.1019829941590826,0,-0.13333333333333333,0.6833333333333333,-0.33333333333333337,0.07222222222222217,0.04444444444444445,0.6,-0.08333333333333334,0.19999999999999998,0.23888888888888885,-0.02500000000000004,-0.7833333333333333,0.25,-0.65,-0.3944444444444444,-0.06944444444444443,-0.6333333333333333,0.33333333333333337,-0.4666666666666666,-0.2555555555555555,0.008333333333333396
2017-10-31,-0.6833333333333333,0.45,0.5833333333333334,0.6666666666666667,0.0235639889054499,0.0,10.18000030517578,0.0704521619525471,0,0.6,-0.13333333333333333,0.6833333333333333,0.3833333333333333,0.05555555555555556,-0.3,0.6,-0.08333333333333334,0.0722222222222222,0.0333333333333333,-0.3,-0.7833333333333333,0.25,-0.27777777777777773,-0.25277777777777777,-0.3666666666666667,-0.6333333333333333,0.33333333333333337,-0.22222222222222218,-0.17222222222222214
2017-11-30,-0.016666666666666666,-0.16666666666666669,-0.21666666666666667,0.06666666666666667,0.0305660128558558,0.0,11.279999732971191,0.1080549503752119,0,-0.6833333333333333,0.6,-0.13333333333333333,-0.07222222222222226,-0.10555555555555556,0.45,-0.3,0.6,0.25,0.16111111111111107,0.5833333333333334,-0.3,-0.7833333333333333,-0.1666666666666666,-0.18333333333333326,0.6666666666666667,-0.3666666666666667,-0.6333333333333333,-0.11111111111111105,-0.14722222222222212
2017-12-31,0.7666666666666667,0.16666666666666669,0.3,0.19999999999999998,0.012127914817261,0.0,11.039999961853027,-0.0212765759574133,0,-0.016666666666666666,-0.6833333333333333,0.6,-0.033333333333333375,0.01944444444444446,-0.16666666666666669,0.45,-0.3,-0.005555555555555573,0.11666666666666663,-0.21666666666666667,0.5833333333333334,-0.3,0.022222222222222292,-0.18611111111111103,0.06666666666666667,0.6666666666666667,-0.3666666666666667,0.12222222222222227,-0.0666666666666666
2018-01-31,0.6,0.5333333333333333,0.0,0.06666666666666667,0.0563591698003627,0.0,13.539999961853027,0.2264492761447785,0,0.7666666666666667,-0.016666666666666666,-0.6833333333333333,0.022222222222222216,0.2027777777777778,0.16666666666666669,-0.16666666666666669,0.45,0.15,0.11111111111111109,0.3,-0.21666666666666667,0.5833333333333334,0.2222222222222223,-0.027777777777777724,0.19999999999999998,0.06666666666666667,0.6666666666666667,0.31111111111111117,0.04444444444444451
2018-02-28,-0.6166666666666666,-0.43333333333333335,0.33333333333333337,0.43333333333333335,-0.0363604026908787,-0.0363604026908787,19.850000381469727,0.4660266201915954,1,0.6,0.7666666666666667,-0.016666666666666666,0.45,0.1888888888888889,0.5333333333333333,0.16666666666666669,-0.16666666666666669,0.17777777777777773,0.21388888888888888,0.0,0.3,-0.21666666666666667,0.02777777777777783,-0.06944444444444439,0.06666666666666667,0.19999999999999998,0.06666666666666667,0.11111111111111115,5.782411586589357e-17
2018-03-31,0.03333333333333333,-0.39999999999999997,0.15,-0.016666666666666666,-0.0274105082719798,-0.0627742538441277,19.969999313354492,0.00604528612487,1,-0.6166666666666666,0.6,0.7666666666666667,0.25,0.10833333333333338,-0.43333333333333335,0.5333333333333333,0.16666666666666669,0.0888888888888889,0.04166666666666663,0.33333333333333337,0.0,0.3,0.21111111111111117,0.11666666666666674,0.43333333333333335,0.06666666666666667,0.19999999999999998,0.2333333333333334,0.1777777777777778
2018-04-30,0.35,0.3,-0.7,-0.6833333333333333,0.0051679935842339,-0.0579306772010154,15.93000030517578,-0.2023034124731818,0,0.03333333333333333,-0.6166666666666666,0.6,0.005555555555555575,0.013888888888888931,-0.39999999999999997,-0.43333333333333335,0.5333333333333333,-0.09999999999999999,0.024999999999999977,0.15,0.33333333333333337,0.0,0.16111111111111118,0.19166666666666674,-0.016666666666666666,0.43333333333333335,0.06666666666666667,0.16111111111111118,0.23611111111111116
2018-05-31,-0.16666666666666669,-0.5499999999999999,0.8166666666666667,0.7166666666666667,0.0243094118130127,-0.0350295260766887,15.43000030517578,-0.0313873189216165,0,0.35,0.03333333333333333,-0.6166666666666666,-0.07777777777777777,0.18611111111111114,0.3,-0.39999999999999997,-0.43333333333333335,-0.17777777777777773,-3.700743415417188e-17,-0.7,0.15,0.33333333333333337,-0.07222222222222215,-0.02222222222222218,-0.6833333333333333,-0.016666666666666666,0.43333333333333335,-0.08888888888888885,0.011111111111111146
2018-06-30,-0.6833333333333333,-0.08333333333333334,-0.13333333333333333,0.0,0.0057504550667111,-0.0294805067256899,16.09000015258789,0.0427738065041205,0,-0.16666666666666669,0.35,0.03333333333333333,0.0722222222222222,0.16111111111111112,-0.5499999999999999,0.3,-0.39999999999999997,-0.21666666666666667,-0.06388888888888891,0.8166666666666667,-0.7,0.15,0.08888888888888895,0.15000000000000005,0.7166666666666667,-0.6833333333333333,-0.016666666666666666,0.005555555555555573,0.11944444444444448
2018-07-31,0.5666666666666667,0.15,-0.016666666666666666,0.41666666666666663,0.0370469878439323,0.0,12.829999923706056,-0.2026103292707241,0,-0.6833333333333333,-0.16666666666666669,0.35,-0.16666666666666666,-0.08055555555555553,-0.08333333333333334,-0.5499999999999999,0.3,-0.11111111111111112,-0.10555555555555558,-0.13333333333333333,0.8166666666666667,-0.7,-0.0055555555555554985,0.07777777777777783,0.0,0.7166666666666667,-0.6833333333333333,0.011111111111111146,0.08611111111111115
2018-08-31,0.48333333333333334,-0.21666666666666667,0.16666666666666669,0.16666666666666669,0.0319197350016386,0.0,12.859999656677246,0.0023382488814951,0,0.5666666666666667,-0.6833333333333333,-0.16666666666666669,-0.09444444444444444,-0.08611111111111107,0.15,-0.08333333333333334,-0.5499999999999999,-0.16111111111111112,-0.1694444444444445,-0.016666666666666666,-0.13333333333333333,0.8166666666666667,0.22222222222222224,0.07500000000000004,0.41666666666666663,0.0,0.7166666666666667,0.37777777777777777,0.1444444444444445
2018-09-30,-0.25,-0.11666666666666665,0.4666666666666666,0.16666666666666669,0.0059453875580532,0.0,12.119999885559082,-0.0575427520119673,0,0.48333333333333334,0.5666666666666667,-0.6833333333333333,0.12222222222222223,0.09722222222222225,-0.21666666666666667,0.15,-0.08333333333333334,-0.050000000000000065,-0.13333333333333336,0.16666666666666669,-0.016666666666666666,-0.13333333333333333,0.0055555555555556095,0.047222222222222256,0.16666666666666669,0.41666666666666663,0.0,0.1944444444444445,0.10000000000000003
2018-10-31,-0.016666666666666666,-0.016666666666666666,0.35,0.5666666666666667,-0.069104257783101,-0.069104257783101,21.229999542236328,0.751650143786863,1,-0.25,0.48333333333333334,0.5666666666666667,0.26666666666666666,0.05000000000000002,-0.11666666666666665,-0.21666666666666667,0.15,-0.06111111111111117,-0.08611111111111114,0.4666666666666666,0.16666666666666669,-0.016666666666666666,0.2055555555555556,0.10000000000000003,0.16666666666666669,0.16666666666666669,0.41666666666666663,0.25000000000000006,0.13055555555555562
2018-11-30,0.18333333333333335,-0.5499999999999999,0.13333333333333333,0.15,0.0185491485315396,-0.0518369343933419,18.06999969482422,-0.1488459687022321,1,-0.016666666666666666,-0.25,0.48333333333333334,0.07222222222222224,-0.01111111111111109,-0.016666666666666666,-0.11666666666666665,-0.21666666666666667,-0.11666666666666671,-0.13888888888888892,0.35,0.4666666666666666,0.16666666666666669,0.3277777777777778,0.2750000000000001,0.5666666666666667,0.16666666666666669,0.16666666666666669,0.30000000000000004,0.33888888888888896
2018-12-31,-0.8333333333333333,-0.06666666666666667,-0.7333333333333334,-0.7,-0.0880482404338623,-0.1353210239643849,25.420000076293945,0.4067515498395377,1,0.18333333333333335,-0.016666666666666666,-0.25,-0.027777777777777752,0.04722222222222225,-0.5499999999999999,-0.016666666666666666,-0.11666666666666665,-0.22777777777777783,-0.13888888888888892,0.13333333333333333,0.35,0.4666666666666666,0.3166666666666667,0.16111111111111112,0.15,0.5666666666666667,0.16666666666666669,0.29444444444444445,0.24444444444444446
2019-01-31,-0.3,0.09999999999999999,-0.5,-0.39999999999999997,0.0800654029689744,-0.0660901533092931,16.56999969482422,-0.3481510761175416,0,-0.8333333333333333,0.18333333333333335,-0.016666666666666666,-0.22222222222222218,0.022222222222222254,-0.06666666666666667,-0.5499999999999999,-0.016666666666666666,-0.21111111111111114,-0.13611111111111113,-0.7333333333333334,0.13333333333333333,0.35,-0.08333333333333331,0.061111111111111116,-0.7,0.15,0.5666666666666667,0.0055555555555556095,0.12777777777777782
2019-02-28,0.33333333333333337,-0.2833333333333333,-0.16666666666666669,-0.19999999999999998,0.0324156646393969,-0.0358168449155367,14.779999732971191,-0.1080265537006708,0,-0.3,-0.8333333333333333,0.18333333333333335,-0.3166666666666666,-0.12222222222222219,0.09999999999999999,-0.06666666666666667,-0.5499999999999999,-0.17222222222222228,-0.14444444444444446,-0.5,-0.7333333333333334,0.13333333333333333,-0.36666666666666664,-0.01944444444444443,-0.39999999999999997,-0.7,0.15,-0.3166666666666666,-0.008333333333333257
2019-03-31,0.2333333333333333,0.41666666666666663,-0.43333333333333335,-0.33333333333333337,0.0181005132442859,-0.0183646349470127,13.710000038146973,-0.0723951092121649,0,0.33333333333333337,-0.3,-0.8333333333333333,-0.2666666666666666,-0.14722222222222217,-0.2833333333333333,0.09999999999999999,-0.06666666666666667,-0.08333333333333341,-0.15555555555555559,-0.16666666666666669,-0.5,-0.7333333333333334,-0.4666666666666666,-0.075,-0.19999999999999998,-0.39999999999999997,-0.7,-0.4333333333333332,-0.06944444444444436
2019-04-30,-0.25,0.31666666666666665,0.7,0.43333333333333335,0.0408526191563958,0.0,13.119999885559082,-0.0430342925562554,0,0.2333333333333333,0.33333333333333337,-0.3,0.08888888888888895,-0.06666666666666664,0.41666666666666663,-0.2833333333333333,0.09999999999999999,0.07777777777777768,-0.0666666666666667,-0.43333333333333335,-0.16666666666666669,-0.5,-0.36666666666666664,-0.22499999999999998,-0.33333333333333337,-0.19999999999999998,-0.39999999999999997,-0.31111111111111106,-0.1527777777777777
2019-05-31,-0.4666666666666666,-0.19999999999999998,-0.7833333333333333,-0.7666666666666667,-0.0637711218491065,-0.0637711218491065,18.709999084472656,0.4260670158287405,1,-0.25,0.2333333333333333,0.33333333333333337,0.10555555555555562,-0.10555555555555551,0.31666666666666665,0.41666666666666663,-0.2833333333333333,0.1499999999999999,-0.011111111111111146,0.7,-0.43333333333333335,-0.16666666666666669,0.03333333333333336,-0.16666666666666666,0.43333333333333335,-0.33333333333333337,-0.19999999999999998,-0.03333333333333329,-0.17499999999999993
2019-06-30,0.8499999999999999,0.35,0.11666666666666665,0.03333333333333333,0.0695869036197875,0.0,15.079999923706056,-0.1940138609509136,0,-0.4666666666666666,-0.25,0.2333333333333333,-0.16111111111111107,-0.21388888888888882,-0.19999999999999998,0.31666666666666665,0.41666666666666663,0.1777777777777777,0.047222222222222186,-0.7833333333333333,0.7,-0.43333333333333335,-0.1722222222222222,-0.3194444444444444,-0.7666666666666667,0.43333333333333335,-0.33333333333333337,-0.2222222222222222,-0.3277777777777777
2019-07-31,0.5,0.19999999999999998,0.7333333333333334,0.7166666666666667,0.0151189614736244,0.0,16.1200008392334,0.0689655783016576,0,0.8499999999999999,-0.4666666666666666,-0.25,0.044444444444444474,0.0666666666666667,0.35,-0.19999999999999998,0.31666666666666665,0.15555555555555547,0.11666666666666663,0.11666666666666665,-0.7833333333333333,0.7,0.011111111111111169,-0.17777777777777778,0.03333333333333333,-0.7666666666666667,0.43333333333333335,-0.09999999999999998,-0.2055555555555555
2019-08-31,-0.19999999999999998,0.3,-0.19999999999999998,-0.06666666666666667,-0.0167435051164047,-0.0167435051164047,18.979999542236328,0.177419265143099,1,0.5,0.8499999999999999,-0.4666666666666666,0.29444444444444445,0.20000000000000004,0.19999999999999998,0.35,-0.19999999999999998,0.11666666666666659,0.13333333333333328,0.7333333333333334,0.11666666666666665,-0.7833333333333333,0.022222222222222327,0.027777777777777807,0.7166666666666667,0.03333333333333333,-0.7666666666666667,-0.005555555555555536,-0.019444444444444393
2019-09-30,-0.11666666666666665,-0.03333333333333333,-0.13333333333333333,-0.15,0.0194577603252128,0.0,16.239999771118164,-0.1443624782508989,0,-0.19999999999999998,0.5,0.8499999999999999,0.38333333333333336,0.11111111111111112,0.3,0.19999999999999998,0.35,0.28333333333333327,0.2305555555555555,-0.19999999999999998,0.7333333333333334,0.11666666666666665,0.21666666666666679,0.022222222222222258,-0.06666666666666667,0.7166666666666667,0.03333333333333333,0.22777777777777783,0.002777777777777835
2019-10-31,0.13333333333333333,0.39999999999999997,-0.6,-0.6,0.0221048777415402,0.0,13.220000267028809,-0.1859605632175093,0,-0.11666666666666665,-0.19999999999999998,0.5,0.06111111111111115,0.05277777777777779,-0.03333333333333333,0.3,0.19999999999999998,0.15555555555555547,0.15555555555555553,-0.13333333333333333,-0.19999999999999998,0.7333333333333334,0.13333333333333344,0.07222222222222226,-0.15,-0.06666666666666667,0.7166666666666667,0.1666666666666667,0.033333333333333395
2019-11-30,-0.13333333333333333,0.016666666666666666,-0.31666666666666665,-0.43333333333333335,0.0361985148294683,0.0,12.619999885559082,-0.0453858070613016,0,0.13333333333333333,-0.11666666666666665,-0.19999999999999998,-0.06111111111111106,0.1166666666666667,0.39999999999999997,-0.03333333333333333,0.3,0.22222222222222218,0.1694444444444444,-0.6,-0.13333333333333333,-0.19999999999999998,-0.31111111111111106,-0.1444444444444444,-0.6,-0.15,-0.06666666666666667,-0.2722222222222222,-0.1388888888888888
2019-12-31,0.18333333333333335,0.3,0.4666666666666666,0.43333333333333335,0.0290550267190639,0.0,13.779999732971191,0.0919175798677687,0,-0.13333333333333333,0.13333333333333333,-0.11666666666666665,-0.03888888888888884,0.17222222222222225,0.016666666666666666,0.39999999999999997,-0.03333333333333333,0.12777777777777768,0.20555555555555552,-0.31666666666666665,-0.6,-0.13333333333333333,-0.3499999999999999,-0.06666666666666661,-0.43333333333333335,-0.6,-0.15,-0.3944444444444444,-0.08333333333333326
2020-01-31,0.4666666666666666,-0.11666666666666665,0.3666666666666667,0.38333333333333336,-0.0004033909323984,-0.0004033909323984,18.84000015258789,0.3671988764636704,1,0.18333333333333335,-0.13333333333333333,0.13333333333333333,0.06111111111111115,0.06111111111111114,0.3,0.016666666666666666,0.39999999999999997,0.2388888888888888,0.1972222222222222,0.4666666666666666,-0.31666666666666665,-0.6,-0.14999999999999994,-0.008333333333333295,0.43333333333333335,-0.43333333333333335,-0.6,-0.19999999999999998,-0.01666666666666659
2020-02-29,0.6833333333333333,-0.33333333333333337,0.6333333333333333,0.5833333333333334,-0.0791660720096363,-0.0795375280664325,40.11000061035156,1.1289809068734002,1,0.4666666666666666,0.18333333333333335,-0.13333333333333333,0.17222222222222225,0.05555555555555558,-0.11666666666666665,0.3,0.016666666666666666,0.0666666666666666,0.1444444444444444,0.3666666666666667,0.4666666666666666,-0.31666666666666665,0.17222222222222236,-0.06944444444444442,0.38333333333333336,0.43333333333333335,-0.43333333333333335,0.12777777777777782,-0.07222222222222215
2020-03-31,-0.2833333333333333,-0.45,-0.33333333333333337,-0.25,-0.1248711772631294,-0.1944767605633073,53.540000915527344,0.3348292221593678,1,0.6833333333333333,0.4666666666666666,0.18333333333333335,0.4444444444444445,0.2027777777777778,-0.33333333333333337,-0.11666666666666665,0.3,-0.05000000000000008,0.03888888888888884,0.6333333333333333,0.3666666666666667,0.4666666666666666,0.488888888888889,0.06944444444444446,0.5833333333333334,0.38333333333333336,0.43333333333333335,0.4666666666666668,0.0361111111111112
2020-04-30,0.39999999999999997,-0.2333333333333333,0.06666666666666667,0.03333333333333333,0.1269833378177813,-0.0921887309298441,34.150001525878906,-0.3621591157654439,1,-0.2833333333333333,0.6833333333333333,0.4666666666666666,0.2888888888888889,0.17500000000000004,-0.45,-0.33333333333333337,-0.11666666666666665,-0.3000000000000001,-0.030555555555555603,-0.33333333333333337,0.6333333333333333,0.3666666666666667,0.22222222222222235,0.036111111111111115,-0.25,0.5833333333333334,0.38333333333333336,0.23888888888888896,0.01944444444444453
2020-05-31,0.4666666666666666,-0.41666666666666663,0.19999999999999998,0.2833333333333333,0.0476453558506979,-0.0489357399697228,27.510000228881836,-0.1944363396869916,1,0.39999999999999997,-0.2833333333333333,0.6833333333333333,0.26666666666666666,0.21944444444444447,-0.2333333333333333,-0.45,-0.33333333333333337,-0.33888888888888896,-0.13611111111111115,0.06666666666666667,-0.33333333333333337,0.6333333333333333,0.12222222222222233,0.14722222222222223,0.03333333333333333,-0.25,0.5833333333333334,0.12222222222222227,0.12500000000000008
2020-06-30,0.19999999999999998,-0.6166666666666666,0.5666666666666667,0.5666666666666667,0.0177346411486176,-0.0320689566088102,30.43000030517578,0.1061432225372478,1,0.4666666666666666,0.39999999999999997,-0.2833333333333333,0.19444444444444445,0.3194444444444445,-0.41666666666666663,-0.2333333333333333,-0.45,-0.3666666666666667,-0.20833333333333337,0.19999999999999998,0.06666666666666667,-0.33333333333333337,-0.022222222222222105,0.2333333333333333,0.2833333333333333,0.03333333333333333,-0.25,0.022222222222222254,0.24444444444444455
2020-07-31,0.7333333333333334,-0.26666666666666666,0.31666666666666665,0.18333333333333335,0.0588919546503596,0.0,24.459999084472656,-0.1961880105432565,1,0.19999999999999998,0.4666666666666666,0.39999999999999997,0.35555555555555557,0.32222222222222224,-0.6166666666666666,-0.41666666666666663,-0.2333333333333333,-0.4222222222222222,-0.36111111111111116,0.5666666666666667,0.19999999999999998,0.06666666666666667,0.2777777777777779,0.25,0.5666666666666667,0.2833333333333333,0.03333333333333333,0.29444444444444445,0.2666666666666668
2020-08-31,0.16666666666666669,-0.45,0.21666666666666667,0.3,0.0697968076101334,0.0,26.40999984741211,0.079722029269303,1,0.7333333333333334,0.19999999999999998,0.4666666666666666,0.46666666666666673,0.3666666666666667,-0.26666666666666666,-0.6166666666666666,-0.41666666666666663,-0.43333333333333335,-0.3861111111111111,0.31666666666666665,0.5666666666666667,0.19999999999999998,0.3611111111111112,0.24166666666666667,0.18333333333333335,0.5666666666666667,0.2833333333333333,0.3444444444444445,0.2333333333333334
2020-09-30,-0.11666666666666665,-0.38333333333333336,-0.11666666666666665,0.2333333333333333,-0.0374436725417609,-0.0374436725417609,26.3700008392334,-0.0015145402654226,1,0.16666666666666669,0.7333333333333334,0.19999999999999998,0.3666666666666667,0.28055555555555556,-0.45,-0.26666666666666666,-0.6166666666666666,-0.4444444444444445,-0.4055555555555556,0.21666666666666667,0.31666666666666665,0.5666666666666667,0.36666666666666686,0.1722222222222222,0.3,0.18333333333333335,0.5666666666666667,0.35000000000000003,0.18611111111111114
2020-10-31,-0.13333333333333333,0.41666666666666663,-0.9,-0.7833333333333333,-0.0249334351119523,-0.0614435082740402,38.02000045776367,0.4417898842535248,1,-0.11666666666666665,0.16666666666666669,0.7333333333333334,0.2611111111111112,0.30833333333333335,-0.38333333333333336,-0.45,-0.26666666666666666,-0.36666666666666675,-0.39444444444444443,-0.11666666666666665,0.21666666666666667,0.31666666666666665,0.13888888888888903,0.20833333333333337,0.2333333333333333,0.3,0.18333333333333335,0.23888888888888893,0.2666666666666667
2020-11-30,-0.13333333333333333,0.6333333333333333,-0.6666666666666667,-0.7333333333333334,0.1087765703254395,0.0,20.56999969482422,-0.4589689782440854,1,-0.13333333333333333,-0.11666666666666665,0.16666666666666669,-0.027777777777777735,0.21944444444444447,0.41666666666666663,-0.38333333333333336,-0.45,-0.138888888888889,-0.28611111111111115,-0.9,-0.11666666666666665,0.21666666666666667,-0.26666666666666655,0.0472222222222222,-0.7833333333333333,0.2333333333333333,0.3,-0.0833333333333333,0.1305555555555556
2020-12-31,-0.35,0.38333333333333336,-0.2833333333333333,-0.3666666666666667,0.0370487398185548,0.0,22.75,0.1059795983236844,1,-0.13333333333333333,-0.13333333333333333,-0.11666666666666665,-0.12777777777777774,0.11944444444444446,0.6333333333333333,0.41666666666666663,-0.38333333333333336,0.2222222222222221,-0.11111111111111116,-0.6666666666666667,-0.9,-0.11666666666666665,-0.5611111111111109,-0.09722222222222225,-0.7333333333333334,-0.7833333333333333,0.2333333333333333,-0.42777777777777776,-0.03888888888888884
2021-01-31,0.8499999999999999,0.6166666666666666,-0.7833333333333333,-0.8333333333333333,-0.0101907444819021,-0.0101907444819021,33.09000015258789,0.4545055012126544,1,-0.35,-0.13333333333333333,-0.13333333333333333,-0.2055555555555555,0.027777777777777807,0.38333333333333336,0.6333333333333333,0.41666666666666663,0.47777777777777763,0.0555555555555555,-0.2833333333333333,-0.6666666666666667,-0.9,-0.6166666666666666,-0.23888888888888893,-0.3666666666666667,-0.7333333333333334,-0.7833333333333333,-0.6277777777777778,-0.19444444444444442
2021-02-28,-0.3666666666666667,-0.26666666666666666,0.6,0.43333333333333335,0.0278056566231366,0.0,27.950000762939453,-0.1553339185840544,1,0.8499999999999999,-0.35,-0.13333333333333333,0.12222222222222225,0.04722222222222222,0.6166666666666666,0.38333333333333336,0.6333333333333333,0.5444444444444444,0.20277777777777772,-0.7833333333333333,-0.2833333333333333,-0.6666666666666667,-0.5777777777777776,-0.4222222222222222,-0.8333333333333333,-0.3666666666666667,-0.7333333333333334,-0.6444444444444445,-0.3638888888888889
2021-03-31,0.11666666666666665,-0.11666666666666665,-0.2333333333333333,-0.2333333333333333,0.0453991279018155,0.0,19.399999618530273,-0.3059034315214091,1,-0.3666666666666667,0.8499999999999999,-0.35,0.044444444444444474,-0.04166666666666668,-0.26666666666666666,0.6166666666666666,0.38333333333333336,0.24444444444444438,0.23333333333333325,0.6,-0.7833333333333333,-0.2833333333333333,-0.15555555555555536,-0.3583333333333334,0.43333333333333335,-0.8333333333333333,-0.3666666666666667,-0.2555555555555555,-0.34166666666666656
2021-04-30,0.7166666666666667,0.48333333333333334,-0.08333333333333334,-0.21666666666666667,0.0529106531306113,0.0,18.61000061035156,-0.0407215991604521,1,0.11666666666666665,-0.3666666666666667,0.8499999999999999,0.20000000000000004,-0.0027777777777777935,-0.11666666666666665,-0.26666666666666666,0.6166666666666666,0.07777777777777771,0.2777777777777777,-0.2333333333333333,0.6,-0.7833333333333333,-0.1388888888888887,-0.3777777777777778,-0.2333333333333333,0.43333333333333335,-0.8333333333333333,-0.21111111111111103,-0.41944444444444434
2021-05-31,-0.6833333333333333,0.18333333333333335,-0.4666666666666666,-0.39999999999999997,0.0065661741377036,0.0,16.760000228881836,-0.0994089371733113,0,0.7166666666666667,0.11666666666666665,-0.3666666666666667,0.15555555555555564,0.13888888888888887,0.48333333333333334,-0.11666666666666665,-0.26666666666666666,0.03333333333333329,0.2888888888888888,-0.08333333333333334,-0.2333333333333333,0.6,0.09444444444444462,-0.2416666666666667,-0.21666666666666667,-0.2333333333333333,0.43333333333333335,-0.005555555555555508,-0.32499999999999996
2021-06-30,-0.4666666666666666,-0.4666666666666666,0.45,0.5666666666666667,0.0224273044504945,0.0,15.829999923706056,-0.0554892775939911,0,-0.6833333333333333,0.7166666666666667,0.11666666666666665,0.05000000000000008,0.0472222222222222,0.18333333333333335,0.48333333333333334,-0.11666666666666665,0.18333333333333326,0.21388888888888882,-0.4666666666666666,-0.08333333333333334,-0.2333333333333333,-0.2611111111111109,-0.20833333333333334,-0.39999999999999997,-0.21666666666666667,-0.2333333333333333,-0.28333333333333327,-0.2694444444444444
2021-07-31,0.06666666666666667,0.11666666666666665,0.03333333333333333,-0.09999999999999999,0.024412541804786,0.0,18.239999771118164,0.1522425684792983,1,-0.4666666666666666,-0.6833333333333333,0.7166666666666667,-0.14444444444444435,0.027777777777777762,-0.4666666666666666,0.18333333333333335,0.48333333333333334,0.06666666666666665,0.07222222222222219,0.45,-0.4666666666666666,-0.08333333333333334,-0.03333333333333314,-0.0861111111111111,0.5666666666666667,-0.39999999999999997,-0.21666666666666667,-0.016666666666666646,-0.11388888888888882
2021-08-31,-0.16666666666666669,0.38333333333333336,-0.35,-0.18333333333333335,0.0297599640177006,0.0,16.479999542236328,-0.0964912418293272,0,0.06666666666666667,-0.4666666666666666,-0.6833333333333333,-0.361111111111111,-0.10277777777777779,0.11666666666666665,-0.4666666666666666,0.18333333333333335,-0.0555555555555556,-0.011111111111111153,0.03333333333333333,0.45,-0.4666666666666666,0.0055555555555557605,0.05000000000000001,-0.09999999999999999,0.5666666666666667,-0.39999999999999997,0.022222222222222258,0.008333333333333394
2021-09-30,0.19999999999999998,0.25,-0.75,-0.65,-0.0466055847567757,-0.0466055847567757,23.13999938964844,0.4041262155586416,1,-0.16666666666666669,0.06666666666666667,-0.4666666666666666,-0.1888888888888888,-0.06944444444444445,0.38333333333333336,0.11666666666666665,-0.4666666666666666,0.011111111111111072,0.09722222222222217,-0.35,0.03333333333333333,0.45,0.04444444444444464,-0.10833333333333332,-0.18333333333333335,-0.09999999999999999,0.5666666666666667,0.09444444444444446,-0.09444444444444439
2021-10-31,-0.15,-0.6166666666666666,0.21666666666666667,0.25,0.0701633652464608,0.0,16.260000228881836,-0.2973206284458389,0,0.19999999999999998,-0.16666666666666669,0.06666666666666667,0.03333333333333341,-0.05555555555555556,0.25,0.38333333333333336,0.11666666666666665,0.24999999999999992,0.1583333333333333,-0.75,-0.35,0.03333333333333333,-0.35555555555555535,-0.19444444444444442,-0.65,-0.18333333333333335,-0.09999999999999999,-0.3111111111111111,-0.16388888888888883
2021-11-30,-0.6666666666666667,-0.6166666666666666,0.41666666666666663,0.7666666666666667,-0.0080347707082866,-0.0080347707082866,27.190000534057617,0.6722017313235555,1,-0.15,0.19999999999999998,-0.16666666666666669,-0.03888888888888881,-0.19999999999999998,-0.6166666666666666,0.25,0.38333333333333336,0.005555555555555536,-0.025000000000000022,0.21666666666666667,-0.75,-0.35,-0.2944444444444443,-0.1444444444444444,0.25,-0.65,-0.18333333333333335,-0.19444444444444442,-0.08611111111111107
2021-12-31,-0.6,-0.11666666666666665,-0.25,-0.08333333333333334,0.0462478176907452,0.0,17.219999313354492,-0.3666789637688646,1,-0.6666666666666667,-0.15,0.19999999999999998,-0.2055555555555555,-0.19722222222222222,-0.6166666666666666,-0.6166666666666666,0.25,-0.3277777777777778,-0.15833333333333335,0.41666666666666663,0.21666666666666667,-0.75,-0.038888888888888716,0.002777777777777777,0.7666666666666667,0.25,-0.65,0.12222222222222227,0.10833333333333339
2022-01-31,0.049999999999999996,-0.016666666666666666,0.03333333333333333,0.0,-0.0527411997648775,-0.0527411997648775,24.829999923706055,0.4419280437746498,1,-0.6,-0.6666666666666667,-0.15,-0.47222222222222215,-0.21944444444444447,-0.11666666666666665,-0.6166666666666666,-0.6166666666666666,-0.45,-0.10000000000000002,-0.25,0.41666666666666663,0.21666666666666667,0.12777777777777796,-0.11388888888888889,-0.08333333333333334,0.7666666666666667,0.25,0.31111111111111117,6.013708050052931e-17
2022-02-28,0.21666666666666667,-0.39999999999999997,0.03333333333333333,0.06666666666666667,-0.02951706428652,-0.0807014986673894,30.149999618530273,0.21425693560897,1,0.049999999999999996,-0.6,-0.6666666666666667,-0.4055555555555555,-0.22222222222222224,-0.016666666666666666,-0.11666666666666665,-0.6166666666666666,-0.25,-0.12222222222222225,0.03333333333333333,-0.25,0.41666666666666663,0.06666666666666683,-0.11388888888888889,0.0,-0.08333333333333334,0.7666666666666667,0.22777777777777783,0.016666666666666725
2022-03-31,0.9166666666666666,-0.43333333333333335,0.6333333333333333,0.65,0.0375902597890442,-0.0461448291786175,20.559999465942383,-0.3180762943258497,1,0.21666666666666667,0.049999999999999996,-0.6,-0.11111111111111104,-0.15833333333333333,-0.39999999999999997,-0.016666666666666666,-0.11666666666666665,-0.1777777777777778,-0.25277777777777777,0.03333333333333333,0.03333333333333333,-0.25,-0.06111111111111093,-0.05000000000000001,0.06666666666666667,0.0,-0.08333333333333334,-0.005555555555555522,0.0583333333333334
2022-04-30,0.5333333333333333,0.43333333333333335,0.16666666666666669,0.13333333333333333,-0.0877690125658506,-0.129863755652441,33.400001525878906,0.6245137350906051,1,0.9166666666666666,0.21666666666666667,0.049999999999999996,0.39444444444444454,-0.038888888888888896,-0.43333333333333335,-0.39999999999999997,-0.016666666666666666,-0.2833333333333334,-0.3666666666666667,0.6333333333333333,0.03333333333333333,0.03333333333333333,0.2333333333333335,0.18055555555555555,0.65,0.06666666666666667,0.0,0.23888888888888893,0.2750000000000001
2022-05-31,-0.09999999999999999,-0.15,0.6666666666666667,0.6166666666666666,0.0022573621410668,-0.1278995430368806,26.190000534057617,-0.2158682833063601,1,0.5333333333333333,0.9166666666666666,0.21666666666666667,0.5555555555555556,0.07499999999999998,0.43333333333333335,-0.43333333333333335,-0.39999999999999997,-0.13333333333333333,-0.19166666666666668,0.16666666666666669,0.6333333333333333,0.03333333333333333,0.27777777777777796,0.1722222222222222,0.13333333333333333,0.65,0.06666666666666667,0.2833333333333334,0.25555555555555565
2022-06-30,-0.5499999999999999,0.13333333333333333,-0.9,-0.8333333333333333,-0.0824604890718673,-0.1998133732378585,28.709999084472656,0.0962198739605988,1,-0.09999999999999999,0.5333333333333333,0.9166666666666666,0.45,0.16944444444444443,-0.15,0.43333333333333335,-0.43333333333333335,-0.05000000000000004,-0.11388888888888893,0.6666666666666667,0.16666666666666669,0.6333333333333333,0.4888888888888891,0.21388888888888888,0.6166666666666666,0.13333333333333333,0.65,0.4666666666666666,0.2305555555555556
2022-07-31,0.3666666666666667,0.18333333333333335,0.25,-0.016666666666666666,0.0920875940193943,-0.1261261120128377,21.329999923706055,-0.2570532705017728,1,-0.5499999999999999,-0.09999999999999999,0.5333333333333333,-0.03888888888888883,0.1777777777777778,0.13333333333333333,-0.15,0.43333333333333335,0.13888888888888884,-0.07222222222222226,-0.9,0.6666666666666667,0.16666666666666669,-0.022222222222221994,0.10555555555555556,-0.8333333333333333,0.6166666666666666,0.13333333333333333,-0.027777777777777752,0.10555555555555558
2022-08-31,-0.25,0.2333333333333333,0.11666666666666665,0.35,-0.0408019882832085,-0.1617819041514918,25.8700008392334,0.2128458008329203,1,0.3666666666666667,-0.5499999999999999,-0.09999999999999999,-0.09444444444444437,0.2305555555555556,0.18333333333333335,0.13333333333333333,-0.15,0.05555555555555552,-0.038888888888888924,0.25,-0.9,0.6666666666666667,0.005555555555555776,0.14166666666666666,-0.016666666666666666,-0.8333333333333333,0.6166666666666666,-0.07777777777777775,0.10277777777777782
2022-09-30,0.09999999999999999,0.35,0.016666666666666666,0.016666666666666666,-0.0924458872260334,-0.2392717197111236,31.6200008392334,0.2222651648035427,1,-0.25,0.3666666666666667,-0.5499999999999999,-0.14444444444444438,0.1527777777777778,0.2333333333333333,0.18333333333333335,0.13333333333333333,0.18333333333333326,0.06666666666666661,0.11666666666666665,0.25,-0.9,-0.1777777777777776,0.15555555555555556,0.35,-0.016666666666666666,-0.8333333333333333,-0.16666666666666663,0.15000000000000005
2022-10-31,-0.25,-0.5166666666666667,0.2833333333333333,0.26666666666666666,0.0812752175884377,-0.1774433632049671,25.8799991607666,-0.1815307250512381,1,0.09999999999999999,-0.25,0.3666666666666667,0.07222222222222226,0.0166666666666667,0.35,0.2333333333333333,0.18333333333333335,0.2555555555555555,0.1972222222222222,0.016666666666666666,0.11666666666666665,0.25,0.12777777777777796,0.05277777777777778,0.016666666666666666,0.35,-0.016666666666666666,0.11666666666666668,0.04444444444444449
2022-11-30,0.33333333333333337,0.16666666666666669,0.6333333333333333,0.6666666666666667,0.0555918426290711,-0.1317159240987596,20.579999923706055,-0.2047913218287582,1,-0.25,0.09999999999999999,-0.25,-0.1333333333333333,-0.11388888888888886,-0.5166666666666667,0.35,0.2333333333333333,0.022222222222222143,0.03888888888888883,0.2833333333333333,0.016666666666666666,0.11666666666666665,0.13888888888888906,0.07222222222222222,0.26666666666666666,0.016666666666666666,0.35,0.2111111111111111,0.06666666666666671
2022-12-31,-0.25,-0.21666666666666667,-0.5333333333333333,-0.5833333333333334,-0.0576283378549948,-0.1817536921789083,21.670000076293945,0.0529640503706865,1,0.33333333333333337,-0.25,0.09999999999999999,0.06111111111111115,-0.04166666666666663,0.16666666666666669,-0.5166666666666667,0.35,-7.401486830834377e-17,0.0916666666666666,0.6333333333333333,0.2833333333333333,0.016666666666666666,0.3111111111111113,0.06666666666666664,0.6666666666666667,0.26666666666666666,0.016666666666666666,0.3166666666666667,0.07500000000000007
2023-01-31,0.09999999999999999,0.0,0.0,-0.2333333333333333,0.0628874522350519,-0.1302962665793017,19.399999618530273,-0.1047531356608971,1,-0.25,0.33333333333333337,-0.25,-0.055555555555555504,0.00833333333333336,-0.21666666666666667,0.16666666666666669,-0.5166666666666667,-0.18888888888888897,0.03333333333333327,-0.5333333333333333,0.6333333333333333,0.2833333333333333,0.1277777777777779,0.12777777777777774,-0.5833333333333334,0.6666666666666667,0.26666666666666666,0.11666666666666665,0.11666666666666671
2023-02-28,-0.5166666666666667,-0.3666666666666667,-0.15,-0.03333333333333333,-0.025142735327485,-0.1521629973620238,20.700000762939453,0.0670103695861652,1,0.09999999999999999,-0.25,0.33333333333333337,0.06111111111111115,-0.036111111111111094,0.0,-0.21666666666666667,0.16666666666666669,-0.01666666666666672,0.0027777777777777124,0.0,-0.5333333333333333,0.6333333333333333,0.03333333333333349,0.0861111111111111,-0.2333333333333333,-0.5833333333333334,0.6666666666666667,-0.04999999999999998,0.08055555555555562
2023-03-31,-0.6166666666666666,0.3,0.26666666666666666,0.19999999999999998,0.0370777823399781,-0.1207270815184334,18.700000762939453,-0.0966183539268621,1,-0.5166666666666667,0.09999999999999999,-0.25,-0.2222222222222222,-0.08055555555555555,-0.3666666666666667,0.0,-0.21666666666666667,-0.1944444444444445,-0.09722222222222228,-0.15,0.0,-0.5333333333333333,-0.2277777777777776,0.041666666666666664,-0.03333333333333333,-0.2333333333333333,-0.5833333333333334,-0.2833333333333333,0.016666666666666722
2023-04-30,0.25,0.06666666666666667,-0.11666666666666665,-0.06666666666666667,0.0159748490033875,-0.1066808294129225,15.779999732971191,-0.1561497813280979,0,-0.6166666666666666,-0.5166666666666667,0.09999999999999999,-0.3444444444444444,-0.19999999999999996,0.3,-0.3666666666666667,0.0,-0.022222222222222292,-0.10555555555555562,0.26666666666666666,-0.15,0.0,0.038888888888889084,0.08333333333333333,0.19999999999999998,-0.03333333333333333,-0.2333333333333333,-0.02222222222222221,0.047222222222222276
2023-05-31,-0.16666666666666669,-0.09999999999999999,-0.6166666666666666,-0.3666666666666667,0.0046163102410567,-0.102556990977209,17.940000534057617,0.1368821823598169,1,0.25,-0.6166666666666666,-0.5166666666666667,-0.29444444444444445,-0.11666666666666664,0.06666666666666667,0.3,-0.3666666666666667,-6.938893903907228e-17,-0.008333333333333385,-0.11666666666666665,0.26666666666666666,-0.15,1.989149585786739e-16,0.01666666666666666,-0.06666666666666667,0.19999999999999998,-0.03333333333333333,0.03333333333333334,-0.008333333333333278
2023-06-30,0.0,0.5499999999999999,-0.7666666666666667,-0.6166666666666666,0.0647997214328659,-0.044402933990659,13.59000015258789,-0.2424749304333413,0,-0.16666666666666669,0.25,-0.6166666666666666,-0.17777777777777773,-0.19999999999999998,-0.09999999999999999,0.06666666666666667,0.3,0.08888888888888884,-0.05277777777777783,-0.6166666666666666,-0.11666666666666665,0.26666666666666666,-0.15555555555555534,-0.19166666666666665,-0.3666666666666667,-0.06666666666666667,0.19999999999999998,-0.07777777777777778,-0.1805555555555555
2023-07-31,0.39999999999999997,0.7,-0.2333333333333333,-0.48333333333333334,0.0327333983900981,-0.0131229945285664,13.630000114440918,0.002943337851649,0,0.0,-0.16666666666666669,0.25,0.027777777777777807,-0.15833333333333333,0.5499999999999999,-0.09999999999999999,0.06666666666666667,0.17222222222222214,0.07499999999999994,-0.7666666666666667,-0.6166666666666666,-0.11666666666666665,-0.4999999999999998,-0.23055555555555554,-0.6166666666666666,-0.3666666666666667,-0.06666666666666667,-0.3499999999999999,-0.18611111111111103
2023-08-31,-0.21666666666666667,0.41666666666666663,-0.39999999999999997,0.06666666666666667,-0.0162520751889599,-0.0291617938237439,13.56999969482422,-0.0044020850413,0,0.39999999999999997,0.0,-0.16666666666666669,0.07777777777777779,-0.10833333333333334,0.7,0.5499999999999999,-0.09999999999999999,0.3833333333333333,0.19166666666666657,-0.2333333333333333,-0.7666666666666667,-0.6166666666666666,-0.5388888888888886,-0.26944444444444443,-0.48333333333333334,-0.6166666666666666,-0.3666666666666667,-0.4888888888888889,-0.22777777777777775
2023-09-30,-0.5,-0.16666666666666669,0.2333333333333333,0.2833333333333333,-0.0474343786975398,-0.0752129009495488,17.520000457763672,0.2910833346920438,1,-0.21666666666666667,0.39999999999999997,0.0,0.06111111111111114,-0.05833333333333331,0.41666666666666663,0.7,0.5499999999999999,0.5555555555555555,0.32222222222222213,-0.39999999999999997,-0.2333333333333333,-0.7666666666666667,-0.4666666666666665,-0.3111111111111111,0.06666666666666667,-0.48333333333333334,-0.6166666666666666,-0.3444444444444444,-0.21111111111111105
2023-10-31,0.25,-0.19999999999999998,-0.016666666666666666,-0.016666666666666666,-0.0217085586578221,-0.0952886959352827,18.13999938964844,0.0353880659637784,1,-0.5,-0.21666666666666667,0.39999999999999997,-0.10555555555555553,-0.03888888888888888,-0.16666666666666669,0.41666666666666663,0.7,0.3166666666666666,0.24444444444444435,0.2333333333333333,-0.39999999999999997,-0.2333333333333333,-0.1333333333333331,-0.31666666666666665,0.2833333333333333,0.06666666666666667,-0.48333333333333334,-0.04444444444444442,-0.19722222222222216
2023-11-30,0.48333333333333334,-0.31666666666666665,0.15,0.39999999999999997,0.0913435655332055,-0.0126491396438153,12.920000076293944,-0.2877618240898774,0,0.25,-0.5,-0.21666666666666667,-0.15555555555555553,-0.03888888888888888,-0.19999999999999998,-0.16666666666666669,0.41666666666666663,0.016666666666666618,0.19999999999999993,-0.016666666666666666,0.2333333333333333,-0.39999999999999997,-0.061111111111110894,-0.3,-0.016666666666666666,0.2833333333333333,0.06666666666666667,0.11111111111111115,-0.18888888888888886
2023-12-31,0.19999999999999998,0.5666666666666667,0.6166666666666666,0.6,0.0456554253349492,0.0,12.449999809265137,-0.0363777294313781,0,0.48333333333333334,0.25,-0.5,0.07777777777777782,0.06944444444444446,-0.31666666666666665,-0.19999999999999998,-0.16666666666666669,-0.22777777777777783,0.16388888888888883,0.15,-0.016666666666666666,0.2333333333333333,0.12222222222222241,-0.17222222222222225,0.39999999999999997,-0.016666666666666666,0.2833333333333333,0.22222222222222224,-0.06111111111111107
2024-01-31,0.3,-0.09999999999999999,-0.11666666666666665,-0.11666666666666665,0.0159264986653753,0.0,14.350000381469728,0.1526104900652798,0,0.19999999999999998,0.48333333333333334,0.25,0.3111111111111111,0.10277777777777779,0.5666666666666667,-0.31666666666666665,-0.19999999999999998,0.016666666666666607,0.1666666666666666,0.6166666666666666,0.15,-0.016666666666666666,0.25000000000000017,0.05833333333333331,0.6,0.39999999999999997,-0.016666666666666666,0.3277777777777778,0.1416666666666667
2024-02-29,-0.5166666666666667,0.0,-0.3666666666666667,-0.35,0.0521867617934947,0.0,13.399999618530272,-0.0662021419989786,0,0.3,0.19999999999999998,0.48333333333333334,0.3277777777777778,0.08611111111111114,-0.09999999999999999,0.5666666666666667,-0.31666666666666665,0.049999999999999954,0.03333333333333327,-0.11666666666666665,0.6166666666666666,0.15,0.21666666666666687,0.07777777777777775,-0.11666666666666665,0.6,0.39999999999999997,0.29444444444444445,0.20277777777777783
2024-03-31,-0.26666666666666666,-0.09999999999999999,-0.38333333333333336,-0.09999999999999999,0.0327019903329453,0.0,13.010000228881836,-0.0291044328918579,0,-0.5166666666666667,0.3,0.19999999999999998,-0.005555555555555536,0.036111111111111115,0.0,-0.09999999999999999,0.5666666666666667,0.1555555555555555,-0.03611111111111117,-0.3666666666666667,-0.11666666666666665,0.6166666666666666,0.04444444444444464,0.0833333333333333,-0.35,-0.11666666666666665,0.6,0.04444444444444449,0.1333333333333334
2024-04-30,0.03333333333333333,-0.2333333333333333,0.11666666666666665,-0.16666666666666669,-0.0403196536991297,-0.0403196536991297,15.649999618530272,0.2029207796466992,0,-0.26666666666666666,-0.5166666666666667,0.3,-0.1611111111111111,0.075,-0.09999999999999999,0.0,-0.09999999999999999,-0.06666666666666671,-0.025000000000000053,-0.38333333333333336,-0.3666666666666667,-0.11666666666666665,-0.2888888888888887,-0.019444444444444476,-0.09999999999999999,-0.35,-0.11666666666666665,-0.18888888888888886,0.06944444444444449
2024-05-31,-0.75,0.18333333333333335,-0.049999999999999996,-0.06666666666666667,0.0505797239083762,0.0,12.920000076293944,-0.1744408695706223,0,0.03333333333333333,-0.26666666666666666,-0.5166666666666667,-0.24999999999999992,0.03888888888888889,-0.2333333333333333,-0.09999999999999999,0.0,-0.11111111111111115,-0.03055555555555561,0.11666666666666665,-0.38333333333333336,-0.3666666666666667,-0.2111111111111109,0.002777777777777747,-0.16666666666666669,-0.09999999999999999,-0.35,-0.2055555555555555,0.04444444444444449
2024-06-30,-0.2333333333333333,-0.03333333333333333,0.18333333333333335,0.09999999999999999,0.0352802512915013,0.0,12.4399995803833,-0.0371517409501694,0,-0.75,0.03333333333333333,-0.26666666666666666,-0.3277777777777777,-0.16666666666666666,0.18333333333333335,-0.2333333333333333,-0.09999999999999999,-0.05000000000000004,0.05277777777777772,-0.049999999999999996,0.11666666666666665,-0.38333333333333336,-0.10555555555555535,-0.030555555555555586,-0.06666666666666667,-0.16666666666666669,-0.09999999999999999,-0.11111111111111106,-0.03333333333333328
2024-07-31,-0.08333333333333334,0.016666666666666666,0.8333333333333333,0.8166666666666667,0.0121091460662166,0.0,16.360000610351562,0.3151126336169441,0,-0.2333333333333333,-0.75,0.03333333333333333,-0.3166666666666666,-0.2388888888888889,-0.03333333333333333,0.18333333333333335,-0.2333333333333333,-0.027777777777777818,-0.047222222222222276,0.18333333333333335,-0.049999999999999996,0.11666666666666665,0.08333333333333355,-0.10277777777777779,0.09999999999999999,-0.06666666666666667,-0.16666666666666669,-0.04444444444444442,-0.1166666666666666
2024-08-31,0.016666666666666666,-0.6666666666666667,-0.13333333333333333,-0.19999999999999998,0.0233654323524259,0.0,15.0,-0.0831296185582682,0,-0.08333333333333334,-0.2333333333333333,-0.75,-0.35555555555555546,-0.30277777777777776,0.016666666666666666,-0.03333333333333333,0.18333333333333335,0.055555555555555504,-0.027777777777777832,0.8333333333333333,0.18333333333333335,-0.049999999999999996,0.3222222222222224,0.055555555555555525,0.8166666666666667,0.09999999999999999,-0.06666666666666667,0.2833333333333334,0.03888888888888894
2024-09-30,0.18333333333333335,0.6,-0.2833333333333333,-0.33333333333333337,0.0210046457716579,0.0,16.729999542236328,0.1153333028157552,0,0.016666666666666666,-0.08333333333333334,-0.2333333333333333,-0.09999999999999996,-0.21388888888888888,-0.6666666666666667,0.016666666666666666,-0.03333333333333333,-0.22777777777777786,-0.13888888888888895,-0.13333333333333333,0.8333333333333333,0.18333333333333335,0.2944444444444447,0.0944444444444444,-0.19999999999999998,0.8166666666666667,0.09999999999999999,0.23888888888888893,0.06388888888888893
2024-10-31,0.35,0.3,-0.38333333333333336,-0.41666666666666663,-0.0089237818010768,-0.0089237818010768,23.15999984741211,0.3843395386199917,1,0.18333333333333335,0.016666666666666666,-0.08333333333333334,0.038888888888888924,-0.13888888888888887,0.6,-0.6666666666666667,0.016666666666666666,-0.016666666666666757,-0.022222222222222292,-0.2833333333333333,-0.13333333333333333,0.8333333333333333,0.1388888888888891,0.11111111111111109,-0.33333333333333337,-0.19999999999999998,0.8166666666666667,0.09444444444444448,0.025000000000000033
2024-11-30,0.41666666666666663,-0.11666666666666665,-0.03333333333333333,-0.2333333333333333,0.0596338188979603,0.0,13.510000228881836,-0.4166666529407841,0,0.35,0.18333333333333335,0.016666666666666666,0.18333333333333335,-0.0861111111111111,0.3,0.6,-0.6666666666666667,0.07777777777777768,0.0666666666666666,-0.38333333333333336,-0.2833333333333333,-0.13333333333333333,-0.26666666666666644,0.027777777777777745,-0.41666666666666663,-0.33333333333333337,-0.19999999999999998,-0.3166666666666666,-0.016666666666666625
2024-12-31,,,,,-0.0204967263598098,-0.0204967263598098,17.399999618530273,0.287934813008541,1,0.41666666666666663,0.35,0.18333333333333335,0.31666666666666665,0.10833333333333332,-0.11666666666666665,0.3,0.6,0.261111111111111,0.016666666666666587,-0.03333333333333333,-0.38333333333333336,-0.2833333333333333,-0.23333333333333314,0.03055555555555553,-0.2333333333333333,-0.41666666666666663,-0.33333333333333337,-0.3277777777777777,-0.0444444444444444
